frame,stem,n_valid,n_removed,removed_frac,depth_med_masked,n_null,n_dmatch,overlap_med,lam_all,logdet_all,lam_gt,logdet_gt,lam_null_med,lam_null_q05,logdet_null_med,logdet_null_q05,lam_ctrl,logdet_ctrl,lam_dmatch_med,lam_dmatch_q05
1,1548266065.40983,253596,560,0.002208236722976703,2.680000066757202,32,32,0.0,700177.2661080149,97.14879193780604,698390.9477659382,97.10762492394483,699658.5297438832,698531.0115733235,97.14163650499523,97.12468252419956,699396.3041116999,97.13651587731874,699691.885744998,697316.0896938825
2,1548266065.47656,252945,5097,0.020150625630077686,2.8350000381469727,32,32,0.00011881510416666666,642875.0902131784,96.87354595092347,623464.9155047447,96.60128548985004,635217.8142975178,621202.4373381428,96.78934606965801,96.68523789509538,632042.8114167284,96.79335131296368,634586.33406573,624533.0044588262
3,1548266065.54330,253554,2619,0.010329160652168769,2.7009999752044678,32,32,0.0,661783.5707230084,97.22411955543033,651029.9747744305,97.12446510907492,656785.059944162,645874.6589513195,97.1901937770351,97.09457242257348,648392.5035161,97.1226689285096,654589.8627732858,641879.9147082486
4,1548266065.61005,252645,1545,0.0061153001246808765,2.6589999198913574,32,32,0.0,662384.2514872825,97.24502102513812,657264.2002395121,97.1418809792913,659825.8163478443,650544.273584299,97.22139388265761,97.15855465749665,659965.8388815664,97.22643378127415,659279.6266009021,653451.4731384717
5,1548266065.67678,252592,2212,0.008757205295496295,2.7669999599456787,32,32,0.0,753460.3062793952,97.57836893596271,747390.2295072647,97.46256489631602,748758.3085799946,740793.8365814431,97.54280177455422,97.48925752041971,751890.0201151778,97.55775639889515,749568.9537419875,740121.7495180806
6,1548266065.74351,254202,1806,0.007104586116552978,2.6389999389648438,32,32,0.0,640321.7819098554,96.95392782741945,633192.4554102775,96.84309732327104,637490.791264884,629841.5905707247,96.92793507671595,96.87428619902221,636651.792440565,96.92392503191954,637700.4151525216,627968.7479120941
7,1548266065.81027,254174,3017,0.011869821460888998,2.7230000495910645,32,32,0.0,605802.8055361682,96.41970557283506,596866.451754198,96.27619050641655,599382.2744146474,592572.05420783,96.36902519046836,96.2916665436681,599621.4310415704,96.36625808217633,600523.8069790214,591191.2576127986
8,1548266065.87699,254470,161209,0.6335088615553897,1.9470000267028809,32,32,0.5059016927083333,653943.6559330353,96.7328858578799,20203.344578378918,84.49601933826517,147857.42359620822,66246.48549101956,89.85799200533899,88.01055423909467,23382.526894001658,84.8550746339618,152267.95160466392,29581.359199634313
9,1548266065.94373,255447,166034,0.6499743586732277,1.9589999914169312,32,32,0.5099951171874999,676849.6127539218,96.77423561865018,17770.498925295407,85.211088773537,162773.52447108092,87162.47631898538,90.20720587197252,88.3185084482369,73114.91200436484,88.54237391464832,174615.40005241567,34588.260689480194
11,1548266066.07720,255980,1116,0.004359715602781467,2.5409998893737793,32,32,0.0,594231.8375600401,97.04167886719513,589325.9579426881,96.95337182670589,592310.6470560504,584560.4513087138,97.01804613318671,96.97600106922874,592509.5468259205,97.00642662678653,592338.2577402231,588575.3065936577
12,1548266066.17733,256296,3123,0.012185129693791553,2.618000030517578,32,32,0.0,759085.6580905406,97.78950531732744,740508.9125926987,97.54902506526406,753910.5261243677,728064.6531542435,97.7336732105423,97.63586111674502,754984.4168803799,97.75117741042438,749267.2331237788,740825.9761031016
13,1548266066.24407,256289,2916,0.011377780552423241,2.5980000495910645,32,32,0.0,865616.3143250699,98.20533406265584,851009.5295066924,98.03710197432864,859810.3707471609,851587.6056449373,98.1396299514396,98.08027454234283,853083.2618381977,98.13309443573363,857030.4980852026,845816.8698432886
14,1548266066.31080,257817,6077,0.02357098251860816,2.618000030517578,32,32,0.0003434244791666667,600956.5253456286,96.59013643858853,582873.214492286,96.28832832297805,589414.6730907636,571462.1164537813,96.47008036315916,96.39720108767426,585609.894861061,96.48368761047101,591621.0367242016,572820.006877103
15,1548266066.37754,256844,1244,0.004843406892899971,2.5980000495910645,32,32,0.0,1706836.1044621454,99.80090423963335,1334739.709463898,99.2884940862719,1703963.8239892349,1692931.8457375877,99.77927183965414,99.75798703482488,1688643.559493415,99.75766294783764,1703365.2419824896,1694400.546161549
16,1548266066.44424,258675,1002,0.003873586546825167,2.365000009536743,32,32,0.0,505952.4892333666,96.33490646635941,500699.7864547737,96.23435002423105,505204.0667419934,501692.833112786,96.31788425954929,96.25984317007232,502297.3362434909,96.28910686869534,505434.0770092709,500004.41772063996
17,1548266066.51098,257790,1396,0.005415260483339152,2.559999942779541,32,32,0.0,631355.0982425924,97.06182924317727,621120.0483499009,96.9357332498583,629158.4899332235,619027.1121615425,97.03512860560912,96.99473785263986,630065.2248185307,97.03680488286614,628887.0192741449,623586.6517216442
18,1548266066.57772,257983,1305,0.0050584728451099495,2.365000009536743,32,32,0.0,601595.0150719733,97.11104642325904,594580.5240764573,96.98948831830288,598292.1470323505,594298.463605031,97.07972448282055,97.03834980015068,594022.9672068837,97.02060759020694,597792.9529342446,591938.9481583673
19,1548266066.64446,258130,2076,0.00804245922597141,2.197999954223633,32,32,0.0,589085.0261620791,97.16949595007867,571725.0874418769,96.85283955163405,585168.2141766425,575496.932681261,97.12609653874748,97.06885727724702,559060.4451057378,97.08211254157129,585015.1998326925,576080.6633288506
20,1548266066.67782,258280,2311,0.008947653709152858,2.2260000705718994,32,32,0.0,1570562.0638918015,99.71447436267138,1526764.3463673557,99.4583583995294,1564203.7763574566,1538258.8488275337,99.67922093442043,99.59398628864952,1565977.6867054165,99.69318197659094,1565612.8585439995,1553752.2967091228
21,1548266066.74456,257265,699,0.002717042738032768,2.2119998931884766,32,32,0.0,645994.5095389443,97.80383358182169,636994.3199182494,97.70496830517146,644628.33302737,640932.3470389977,97.78732988168989,97.76635302994063,645732.4295609683,97.79252362697329,645082.7480650693,641562.5471066838
22,1548266066.81129,257967,1021,0.003957870580345548,2.3489999771118164,32,32,0.0,680125.0145311292,97.46750516534107,670068.6559160319,97.36366737647269,679082.8255948348,674728.2982969341,97.45365522319648,97.42724227242388,679250.3905769741,97.45553090031066,678181.4860719317,667753.757763663
23,1548266066.87806,258733,1761,0.006806244274986183,2.3010001182556152,32,32,0.0,568567.0688045325,96.88727145582479,553389.4636807864,96.72387088982333,563979.960468048,559343.5913181358,96.83476179389564,96.77345328228624,566824.2187146593,96.87602033986336,564910.8535052249,559463.4869636466
24,1548266066.94480,258850,904,0.0034923700985126523,2.2119998931884766,32,32,0.0,714839.2835744563,97.66142861607705,708065.4629993828,97.57972479502256,713784.5236457055,705639.6855725643,97.6498332839603,97.60995477960013,714681.7236839195,97.65803028176138,713891.2609590879,704998.3762126402
25,1548266067.01153,259239,1085,0.004185327053414031,2.316999912261963,32,32,0.0,911371.1814791979,98.37449485055143,899603.4099298567,98.27364564058243,909395.9458641473,902136.441305092,98.35831869434192,98.30556570788075,907796.255271089,98.315497239249,909376.1663035769,900656.5969978109
26,1548266067.07826,259301,2528,0.009749287507568424,2.2860000133514404,32,32,0.0,777369.0712421593,98.2049808668752,757992.4047793775,98.01544467419596,772909.0863056495,761116.3189099267,98.15876907863097,98.09600064614465,767013.3505332557,98.15994072155743,771056.6027940589,755615.643356902
27,1548266067.14498,257810,3438,0.013335402040262208,2.5220000743865967,32,32,0.0,879119.7786683642,98.94916996116845,845630.5612234885,98.75210835206087,866332.8223881724,848279.1569858678,98.871710222424,98.79276287357098,877700.1034320217,98.90005488129273,869117.7993691466,847644.4609496355
28,1548266067.21172,258833,2520,0.00973600738700243,2.2860000133514404,32,32,0.0,697959.139844101,97.76576033937306,671925.7480287305,97.55455981143758,689212.8180609508,677049.9551553837,97.70757407747506,97.6063696081414,695539.4492744278,97.69710410146584,692498.2794045634,677829.9961617539
29,1548266067.27846,258889,3195,0.012341196420087373,2.2709999084472656,32,32,0.0,762480.3389842113,98.2028075476396,729833.5103525299,97.95737372729879,751940.6519918861,731921.3423976838,98.12386565728728,98.03727649307342,751219.9887709462,98.12181046713316,752078.532579179,739135.5318941966
30,1548266067.34520,258253,2443,0.009459715860028731,2.74399995803833,32,32,0.0,695389.5710381331,97.73163858508701,683216.5440776364,97.6091497623086,690607.7547022792,681297.4077680965,97.68682997868409,97.61645395168968,683279.9225987701,97.6515210644802,688732.3911557011,678764.9176975439
31,1548266067.41194,266547,6246,0.023433015565735123,2.3010001182556152,32,32,0.0,767451.9259452885,98.28598081588876,737438.0305191138,97.96863344030973,746772.2188897084,728365.9714766459,98.1315981553528,97.99953643896113,752202.0955554855,98.19985861303527,747383.7428277519,725659.35715171
32,1548266067.47866,267718,9312,0.03478286854077798,2.3329999446868896,32,32,0.0006868489583333334,629288.3904257581,97.38579726821467,604942.8990351927,97.02402147585967,603988.2241197965,581925.2622922813,97.14202313109094,97.01841359634822,612990.9904902903,97.05674764477774,604299.6925579545,582140.7144336933
33,1548266067.54540,267566,6163,0.023033569287577646,2.7230000495910645,32,32,0.00044759114583333337,623870.937519858,97.58003059785966,589839.7438115798,97.33518822665553,612406.69853896,599712.4408265149,97.45828628945947,97.36251044609182,601539.5569789233,97.45032668320357,611525.9616645472,601031.3251561286
34,1548266067.61213,266839,7073,0.026506620096762468,2.6389999389648438,32,32,0.0012565104166666666,724582.7850131337,98.36277586129569,705433.9492438968,98.14025323662985,708551.5327469886,700089.2427400933,98.17791979912771,98.13008862136428,707878.5583253354,98.24488808643946,707561.6062528401,702191.6391531953
35,1548266067.67886,265844,1804,0.006785934608266502,2.7230000495910645,32,32,0.0,768434.3654630821,98.4296784052493,764695.6089585372,98.3654477888975,765423.4286170151,759378.6800882042,98.40315592709663,98.35342088385897,759345.9083407857,98.3639300646308,764461.9214523103,754048.1988297969
36,1548266067.74560,265967,2993,0.0112532757823339,2.680000066757202,32,32,0.0,847132.130090291,98.63995317441388,831686.2665285742,98.47627386267767,840931.9698228764,829655.8117779049,98.57253678523301,98.53342344836788,836212.9586488444,98.60017454665024,840319.9246988066,831522.3491851261
37,1548266067.81233,263594,3233,0.01226507431883882,2.5220000743865967,32,32,6.510416666666667e-06,1135948.1800438175,100.48692698226941,1110111.9532378544,100.28223557310889,1124505.8742099362,1112840.2620103322,100.40531979579981,100.36379377923384,1128406.1823413197,100.4323179165585,1125635.8932994953,1113658.4399641957
38,1548266067.87905,262817,1048,0.003987565492338776,2.240999937057495,32,32,0.0,1068627.8592854103,99.87652417297673,1062555.9274879794,99.82011470843243,1066431.932363245,1061508.783379281,99.85574755988534,99.82714028161148,1066253.6720544733,99.85004545010543,1066497.8065721625,1057353.538776719
39,1548266067.91241,263041,1063,0.004041195098862915,2.6389999389648438,32,32,0.0,1174456.6705943793,100.5935002749652,1158530.7526016035,100.5060790883768,1168580.032212836,1160123.5170240938,100.56935696513584,100.51915654776398,1170346.8414393545,100.57442826785012,1171906.2348176206,1163584.242115776
40,1548266067.97916,262901,2834,0.01077972316575441,2.2260000705718994,32,32,0.00031575520833333336,923070.7590133186,99.5764695092251,897376.0840046132,99.3638325690232,913935.5381336055,897616.3438963217,99.4924919355556,99.3990909390271,915770.6370307388,99.48965175392973,913514.3596995418,896571.4577215128
41,1548266068.04590,264570,1581,0.005975734210227917,2.0899999141693115,32,32,0.0,904163.7430999815,98.75319914986203,898334.8095072435,98.62280604386407,899258.0358301261,889725.6992648955,98.7151117312122,98.66791582483216,899918.2651383333,98.68868630938393,898491.6902093973,884274.9928526737
42,1548266068.11264,263369,3865,0.01467522753247345,2.6589999198913574,32,32,0.0003678385416666667,979275.4629985589,99.54426310628027,954746.3995817704,99.32988254643163,961082.7660221008,942821.1121314666,99.41635027513635,99.35791875491486,955620.7348156873,99.41463587272244,962305.1737422221,953810.3292683177
43,1548266068.17938,262837,1307,0.004972663666074411,2.0280001163482666,32,32,0.0,850478.6365392803,98.41689144305477,842264.8740231209,98.3008979614258,847116.0402308651,839927.1519560791,98.38866700898458,98.36406218047581,848773.7515365101,98.39959544064467,847348.1822384648,835631.6558909408
44,1548266068.24612,261732,1255,0.004794981125731664,2.559999942779541,32,32,0.0,1023826.8825582005,99.47264556391683,1010059.4889329846,99.3611924093945,1019148.7086575837,1013848.0317352357,99.43459573658859,99.39426507260862,1022801.5322087987,99.44276652260773,1018832.2763173186,1011780.0095487478
45,1548266068.31286,261313,48833,0.1868755094465258,1.722000002861023,32,32,0.10849934895833332,892139.599659946,99.10914208128031,433466.63957159524,96.64794655332668,622605.6140521178,564594.8605598281,97.58045381010277,97.28945419982783,627124.8375000892,97.55436908498547,628282.6484996148,480943.2734263064
46,1548266068.37960,262677,2347,0.008934927686854959,1.9930000305175781,32,32,0.0,835251.9185352105,98.27917964339305,824461.5288359465,98.08926130424899,828638.2021841896,818047.0191620755,98.23314148757615,98.17473593190458,830268.610046729,98.22604259480401,830005.5312628926,818901.9937948588
47,1548266068.44634,257471,1766,0.006859024899891639,2.618000030517578,32,32,0.0,1161079.7106375573,100.40331553988287,1139926.5568508694,100.31204456102157,1152491.5766837052,1141599.1972994092,100.36789755453722,100.33981822588417,1157916.263346068,100.36755604330452,1151179.7860993785,1141265.257504786
48,1548266068.51307,259183,673,0.0025966209203535724,1.9149999618530273,32,32,0.0,1155925.6389059843,100.20106760024935,1153845.201682147,100.15004440963743,1151561.2606164124,1147412.360457242,100.1769711293826,100.15447121895728,1148641.5254689832,100.17922174076114,1152319.96179127,1146343.2089624638
50,1548266068.64652,259105,1614,0.006229134906698057,2.0399999618530273,32,32,0.0,1105965.1542232628,100.10157434424083,1093324.1326830243,99.97448287927855,1093914.1687896734,1077464.4418814005,100.03977280860519,99.96765145809776,1101705.0849708945,100.06964365289326,1097163.2646602546,1084318.6665842524
51,1548266068.71324,259700,1121,0.00431651906045437,3.23799991607666,32,32,0.0,1170509.5050455618,100.41566904036017,1165673.389878948,100.3325889740253,1166951.7132516187,1164315.138977199,100.38734186456267,100.36677836174967,1160026.7838629964,100.36647790620492,1166721.949116378,1163647.640392271
52,1548266068.77998,259023,5152,0.01989012558730306,1.9589999914169312,32,32,0.0005712890625,1084061.8012986444,100.19678249776257,1041753.3342404617,99.94059722759897,1055465.1412419728,1045645.5156831554,100.049738676184,99.92264223993443,1058820.6345287843,100.04742618706466,1056924.101594105,1043321.6062220101
53,1548266068.84673,259386,5459,0.021045854440871904,2.812000036239624,32,32,0.0012939453125,1073556.4389196783,100.19672732223162,1021362.3033378653,99.78909147297995,1048907.6026298127,1036782.9304139559,100.02402215403936,99.83673147978675,1065622.6110851497,100.11329879173772,1048653.3700575887,1035129.2353025994
54,1548266068.91347,260256,5927,0.02277373048075741,3.0369999408721924,32,32,0.0006640624999999999,953662.9156245991,99.60959826544544,922240.7127853669,99.37915354961508,937119.9307359969,930349.7307696355,99.4972253774866,99.41910657619184,922360.866126557,99.34458336090867,936608.2999445552,925600.3020902856
55,1548266068.98021,260990,46459,0.17801065174910916,1.8329999446868896,32,32,0.10734537760416667,925602.4998835806,99.5933993244474,428162.8559202422,97.03132562294124,639097.051374668,526306.4981316417,97.91318799541212,97.55248230583977,688069.6939320882,98.20196035325691,650994.0623488263,471632.8109363989
56,1548266069.04693,261257,7854,0.030062352396299428,3.3329999446868896,32,32,0.0022265625,844571.3103721954,99.18787144947093,821363.8035659395,98.93284864080961,821980.5987211908,808726.6217280697,98.9588628882785,98.89142174906674,820022.5217119913,98.97879767788581,822127.5768297303,803971.2595715203
57,1548266069.11368,261587,8340,0.03188231831092524,3.2079999446868896,32,32,0.0017805989583333333,888999.7796521268,99.58003313354476,845906.2346859602,99.2274334694704,864096.4191577844,851828.8064275398,99.37076557874138,99.27546919885712,851003.8399769085,99.33385162822029,863020.7194742959,848577.051029748
58,1548266069.14704,261807,5149,0.01966715939604365,3.365000009536743,32,32,0.0009993489583333334,794509.6949965414,99.09041985221295,768719.954579108,98.85932133744402,781375.0666416085,773266.7498296775,98.93680306774945,98.90484305270842,782516.9669520638,98.93822422620126,781514.1669366877,774166.7793547662
59,1548266069.21378,260551,4508,0.01730179504204551,2.9839999675750732,32,32,0.0008284505208333334,908446.6410142521,99.79001081788817,876484.8103018957,99.48129523697965,887993.7411128551,880688.2971640716,99.63616810141691,99.53811780863055,895550.1056454292,99.60589918795296,890471.4819971481,879881.5201208692
60,1548266069.28052,260949,2975,0.011400695154991971,2.812000036239624,32,32,0.0,972208.497972793,100.13840188934705,936436.459504587,99.88933402756808,962360.0026917537,948366.2033476705,100.06510208595176,99.95815752501562,964533.22065284,100.08681450764998,963495.1188953852,952185.285493425
61,1548266069.34725,261550,7078,0.027061747275855478,3.365000009536743,32,32,0.0008789062499999999,870805.5051307793,99.58316868940419,829385.1439863561,99.21719484941278,852815.5947745085,842618.6716592227,99.40554976153581,99.31713241210464,853634.643342241,99.45478808346348,853183.232145677,843488.1459491221
62,1548266069.41399,261678,4503,0.017208171875358266,3.299999952316284,32,32,0.0007177734375000001,870371.8816840771,99.51745343837128,850032.8731864713,99.33617940867927,857527.7963430965,849774.8988212714,99.38855163995359,99.34753550345361,845156.477413788,99.33986142288066,857217.4011459243,847442.4740542352
63,1548266069.48073,263074,3728,0.014170917688559112,3.299999952316284,32,32,0.00042480468750000005,834566.6120403253,99.24068512995274,822101.4843743092,99.09568720259398,822658.9110024922,810103.5695166257,99.14493875238327,99.08254509942287,825516.2285123706,99.19167444460572,824067.2676764331,811959.3371913411
64,1548266069.54748,262634,4464,0.016997037702658452,2.8350000381469727,32,32,0.00037109375,879724.5279650363,99.58018382194518,856304.8852784485,99.35670634252753,864895.8025001277,853304.5488175224,99.48390205042176,99.42924048284866,863107.2648464206,99.49290003443463,865453.5155737803,850866.6247813202
65,1548266069.61421,261658,2011,0.007685604873537213,2.812000036239624,32,32,1.7903645833333333e-05,987035.8549956734,100.2116640969557,968651.8349358703,100.10611150549684,980357.6491004715,968294.1874955066,100.1697984164383,100.1221402951622,974412.5799527413,100.1691273790068,979267.9849451156,966487.9234613548
68,1548266069.81439,264884,23980,0.09053019434922456,1.7480000257492065,32,17,0.000302734375,739414.6615610472,98.2086294904385,454927.57144803664,96.47064571844629,658482.0788292527,597818.8223676354,97.56998183529444,97.33563012592431,640318.5667137728,97.19624443907742,616203.7578860569,514452.3405538728
69,1548266069.88113,264291,25169,0.09523214941106584,1.7480000257492065,32,32,0.0381787109375,829545.2349979361,98.74155051781443,500176.02947264945,97.05919415862324,710973.048246826,585447.4664996932,98.0281398568889,97.48866881175472,645139.3241786321,97.6759144258353,678936.3174790354,586557.9280919848
70,1548266069.94787,265755,1546,0.005817388195894715,3.23799991607666,32,32,0.0,820845.862837211,98.7265470881552,817098.9714592363,98.67085396928118,816338.4262969253,810309.502328777,98.68769206653569,98.6615314131507,819697.6532723889,98.70564243818224,818384.682811621,807795.6557601631
71,1548266070.01461,265117,31012,0.11697476963001241,1.7389999628067017,32,32,0.0502294921875,750550.8682026763,98.24989608406025,440797.9196994269,96.12739014267348,641073.1701441838,533265.8165176405,97.30885415710253,96.71299903058951,641783.9392162396,97.37438930093037,633036.747144837,541671.8802702418
72,1548266070.08137,264343,2599,0.009831922918329595,2.503000020980835,32,32,0.00043782552083333336,870211.578837324,99.02432757444326,840771.0954164462,98.75994799977423,860389.5746819621,850827.3220539318,98.95763277493825,98.88525314245766,853823.1758626016,98.91243497825812,861479.853765843,851707.7507503242
73,1548266070.14811,264064,2798,0.010595916141541444,2.618000030517578,32,32,0.0,789178.4909069341,98.46505506627217,764804.2329748013,98.26232063070802,781401.8119351815,763114.7957017294,98.39006210204447,98.3277094950001,783683.101342336,98.4106255008274,779990.8588608443,771717.1730463644
74,1548266070.21483,262582,4172,0.015888370109146857,2.9579999446868896,32,32,3.580729166666667e-05,941785.4391712891,99.66726568637853,911387.1044942907,99.41049438157822,927767.1487363443,917034.0505566435,99.55760556516731,99.48235023585539,933689.878059507,99.58644034657137,928238.0690615966,920804.9339556335
75,1548266070.28157,263931,4196,0.01589809457774949,2.559999942779541,32,32,0.0004345703125,912657.9577885276,99.3234711873837,871373.1622708247,99.00739436156664,898018.2274492895,880450.1047963867,99.19776327508959,99.0865409290841,896495.0893259993,99.2250580813262,897439.3972680713,883831.1083927804
76,1548266070.34831,264807,3743,0.014134822719943204,2.559999942779541,32,32,0.0,832012.4938806958,98.78975431272193,788390.9918913504,98.46755284113785,825698.9265618222,802896.3608110953,98.70886954086615,98.57566443845366,823857.4277885071,98.7301179024394,823451.0227416888,799917.5146014079
77,1548266070.38168,264481,3906,0.01476854670089723,2.559999942779541,32,32,0.00020182291666666667,866632.5151626968,99.03524525343082,807961.3040066445,98.64685498120704,855184.2318122757,830954.8801133581,98.9295238989894,98.80760693611285,851692.6729528698,98.90385977593783,854418.9995160582,827742.3473444682
78,1548266070.44843,265330,3349,0.012622017864546036,2.365000009536743,32,32,0.0,777045.0029397,98.48682962806706,757004.8720834652,98.31203391068757,769802.6500518777,757333.9270400681,98.41750430832562,98.32625879932253,770571.4947984695,98.44217161157306,770309.3373879363,762723.5913780835
79,1548266070.51516,265115,6931,0.026143371744337365,2.9079999923706055,32,32,0.0013069661458333334,733491.3774141769,98.3902341279318,704653.9569769417,98.02814590854501,722402.2408026647,692436.1288052121,98.22512666814409,98.08963540203402,712163.0864797416,98.20315814028714,721602.4432720267,705929.8911442816
80,1548266070.58190,265219,5653,0.021314460879499585,2.7890000343322754,32,32,0.0005240885416666666,786675.2894645887,98.91401093558984,758101.407311166,98.61737202055917,773957.6637869738,759911.627411525,98.76007329785935,98.69133902506083,767740.0996688304,98.66186127933791,773279.899014367,760919.8540348846
81,1548266070.64864,267311,8417,0.03148766792238254,2.9079999923706055,32,32,0.0019205729166666668,658884.8557494975,98.00146549112605,635215.6371696941,97.69020936070281,639041.3530973725,629189.6895658289,97.82159065125396,97.73567249080591,651074.6731892368,97.90745097998507,637980.8654805355,624607.4126492044
82,1548266070.71538,266298,3896,0.014630226287842944,2.7009999752044678,32,32,0.0,798518.4769519726,98.91384858962905,781909.9242071637,98.70109056702765,788056.0351168411,776651.4603546272,98.82751548758495,98.7651608439364,784112.4969600041,98.74046273769189,785790.2346226048,776808.9326121924
83,1548266070.78212,267211,4662,0.01744688654284442,2.812000036239624,32,32,0.00044921874999999997,691192.905538313,98.22163508508768,672087.2868874677,98.01613978752884,679906.779616896,664448.6429861782,98.08649253389791,98.04193750473414,673807.5361058037,98.09690715098647,682441.8428667265,669037.3587318365
84,1548266070.84886,267156,3980,0.014897662788782583,2.680000066757202,32,32,4.720052083333333e-05,748322.1526148188,98.42464279414628,730883.5744273807,98.20285166136058,740315.4678546824,727999.2147423122,98.31948095870928,98.27014342154247,730698.8725728584,98.26953383021313,740422.1388389582,724135.6940940898
85,1548266070.91561,267188,4088,0.01530008832732009,2.6589999198913574,32,32,0.0,739277.1394469911,98.36582003931147,712078.8447658329,98.17370909894375,732186.5673260804,722638.6538096321,98.27948573367854,98.19933926644087,732953.1325284049,98.26051192233083,731422.3604412609,718492.4575678719
86,1548266070.98235,267317,3612,0.013512047494173585,2.6389999389648438,32,32,0.0,728840.3807351534,98.16141612815656,701132.051390496,97.983324324921,721771.7877328165,714997.4947417456,98.10068462882069,98.0372661028349,718663.1473229406,98.09090385300587,720091.2721879822,709238.818207907
87,1548266071.04909,266271,2735,0.01027149032376789,2.38100004196167,32,32,3.092447916666666e-05,824384.4447753961,98.67113088064374,794700.0884712625,98.4739333111521,815202.3278187193,797227.5279777596,98.61334952572983,98.53539047857679,812471.4960159579,98.63462725798901,817071.5625228113,806342.531638057
88,1548266071.11581,266791,1320,0.004947693138074373,2.6389999389648438,32,32,0.0,756481.6919608549,98.2770286175298,741902.9250715009,98.18549594315023,754181.2689172418,747823.5828945275,98.25576540805983,98.21418806646537,755523.3956672754,98.2543371485884,753282.2138804074,745364.5622515506
89,1548266071.18255,266833,3237,0.012131183174494908,2.559999942779541,32,32,2.9296875000000002e-05,749224.1729619873,97.72881702909768,725701.2804919917,97.53393289841779,743874.2115060485,731896.8274619156,97.68412441528545,97.58559652967573,744199.4532226771,97.63406601371972,745219.2152974529,739261.8897517094
90,1548266071.24931,267055,1721,0.006444365392896594,2.2860000133514404,32,32,0.0,730483.8204307453,98.17182965879749,722905.60675778,98.00201645410087,724252.5454196525,713517.4478103954,98.12567701522613,98.06735288547122,716164.8038934482,98.09276593730998,725886.1131477444,718828.0285440204
91,1548266071.31605,267119,3200,0.011979679468701215,2.4149999618530273,32,32,0.0,761419.1158839883,98.34473263960012,747995.5515947578,98.1109092667399,754671.1489282814,741518.495746092,98.26919320665692,98.20434268661602,748439.5731093691,98.28813351956634,752603.9323361167,740275.9068300206
92,1548266071.38276,267548,1550,0.005793352968439308,2.2860000133514404,32,32,0.0,732062.3138820787,97.84912521753319,705512.9938862999,97.68181412585099,728591.0269579883,720126.8368314571,97.81813821235087,97.79028796152014,728529.6438235898,97.79065259105019,728085.3248648146,720241.9244051457
93,1548266071.44950,266447,1712,0.006425292834972809,2.3010001182556152,32,32,0.0,739281.5821195289,98.88215674259519,722398.4151575381,98.7393465325539,735092.6214955748,727065.231997304,98.84452384748859,98.79915694305004,728312.3683201749,98.7874634343254,735770.3959086589,727021.5640730148
94,1548266071.51624,266944,677,0.0025361124430592183,2.812000036239624,32,32,0.0,812928.044741835,98.65026581112346,808692.21027697,98.61964808992367,811897.2455464604,803589.8508729915,98.64149260775545,98.61433288718895,812598.0002850243,98.64785992571194,811510.73553759,807206.3810783217
95,1548266071.58297,266277,1249,0.0046906041453073305,2.3329999446868896,32,32,0.0,842872.0635396931,99.0712042159093,838001.0931265911,99.00575969458015,839357.1064470977,835255.3929789293,99.03906010415355,98.99719280201234,833968.0308000033,99.02592433624918,837356.7129247605,827749.6628222666
96,1548266071.61635,267534,1386,0.005180649936082891,2.3010001182556152,32,32,0.0,879604.0378000244,99.13605563589337,873185.0271472017,99.04025821825373,876653.5682986923,860188.6579183592,99.09779488521012,99.06860059558188,879413.6460876742,99.12626169325154,876055.1550952333,861613.8253537501
97,1548266071.68309,265793,1213,0.00456370182811436,2.3010001182556152,32,32,0.0,851964.999968706,99.15097584192574,841745.0071222796,99.05445385996326,847419.3394461768,836745.7901038219,99.11330030989248,99.06816458982924,848760.328258179,99.10532025726434,845446.4267205105,836998.184058934
98,1548266071.74983,266572,1872,0.007022492985009679,2.316999912261963,32,32,0.0,734421.9479649531,98.1470074044185,719969.8853452465,98.00311406272021,728018.098909179,719645.7001752807,98.09830554900398,98.06202828558888,730430.3511464696,98.078696510993,728192.261157643,718459.113833732
99,1548266071.81658,266215,602,0.0022613301279041376,2.3010001182556152,32,32,0.0,903432.8104858828,99.57783986034377,900835.1759163304,99.54457654619551,900997.1035122129,891614.4833271067,99.55656601702582,99.52550858381375,902113.0735758224,99.54516763873303,901065.9378838371,893892.3687368027
101,1548266071.95006,265559,1401,0.005275663788461321,2.25600004196167,32,32,0.0,803704.9641569889,98.79302824459464,783644.4915065021,98.69510430582942,801420.6702136802,786659.2168850735,98.77254458189383,98.71779087629838,800939.8944516465,98.76624511132826,800138.181343856,790971.7598473934
102,1548266072.01678,265733,3394,0.012772218730831323,2.3010001182556152,32,32,0.0,914616.3739930951,99.57322860256218,894825.3521675002,99.34426366833642,904827.0094972118,874533.0889712888,99.50060884043116,99.36787289708134,906636.7623933998,99.50720398726325,903486.3093114562,852458.9004752145
105,1548266072.21699,265403,981,0.0036962656789862962,2.3489999771118164,32,32,0.0,856435.1601099893,99.31075913558792,847104.1933716283,99.24469387965216,852404.4500797673,840721.9112858396,99.28087941048702,99.2153270919522,855592.5062121189,99.29947215498271,852486.6956208679,842715.1332299373
106,1548266072.28372,266023,988,0.0037139645820098263,2.38100004196167,32,32,0.0,680802.681836636,97.99166295600399,675969.1901201593,97.92899857415034,676271.2665777274,671219.6851978727,97.96236554222139,97.92122735564429,679615.6958368823,97.98357046569456,676641.6369653356,670560.7852261215
107,1548266072.35046,264946,5452,0.020577778113275914,2.3329999446868896,32,32,0.0,775445.5669172002,98.77236952615893,751838.2796324675,98.36811268292934,759526.6095172706,715708.1201841403,98.61254272281957,98.48907188963106,764055.839752267,98.73705702346734,750004.846450059,707070.3065119719
108,1548266072.41720,264233,1380,0.005222663331226607,2.559999942779541,32,32,0.0,816880.9101956206,99.35026181911896,809325.2542420585,99.25094967956656,812758.3485720987,806202.91411011,99.31517567527531,99.28249012321365,813759.9174312276,99.33532817423523,812652.777222154,806150.4811777375
111,1548266072.61739,265024,639,0.0024111023907268775,2.3010001182556152,32,32,0.0,818591.2907360526,99.40513149232275,817450.2909624527,99.3752725000715,818005.654530542,805285.0664450637,99.39519673702242,99.34383049434534,818486.0480906845,99.40385782049297,818122.0951160298,810964.5002449467
112,1548266072.68413,265992,854,0.003210622875875966,2.3489999771118164,32,32,0.0,787127.1459979431,99.32827509368552,781649.1086392467,99.25373483805961,785659.3146050296,774906.5819016418,99.31457965412937,99.26549262384316,787082.9599120411,99.3279217559992,785875.3382978633,769586.0760001029
113,1548266072.75087,266886,1243,0.004657419272648247,2.618000030517578,32,32,0.0,668502.035678407,98.12129963394463,664130.145396506,98.07145311379637,665047.1631263823,660058.0817800602,98.09819259118629,98.07140309471718,666472.8580556399,98.08892438245431,664915.7630715707,659450.9148419234
114,1548266072.81760,264370,969,0.0036653175473767823,2.3010001182556152,32,32,0.0,794259.293898225,99.24967998575065,784161.0814476453,99.13614800153417,790972.9317718921,788925.0056837264,99.21792797463993,99.20699407680763,788893.6709659067,99.21317721037042,790057.8303771403,784764.5104876945
116,1548266072.91774,265020,510,0.0019243830654290242,2.3569998741149902,32,32,0.0,786448.0394105891,99.39728546093988,783630.0616668623,99.35817235023596,784522.0068054402,778781.8704085407,99.37889580840161,99.3538588448758,784847.240664773,99.38662546482189,785366.3316019195,776363.458014698
118,1548266073.05122,265106,1002,0.0037796202273807458,2.5220000743865967,32,32,0.0,754558.9887549117,99.26126906817558,748082.8130467946,99.18813945072489,752593.1526785182,741792.3463691834,99.24521903657474,99.19514956491507,749604.1275024663,99.22226658997249,752718.9168005047,739388.5297517673
120,1548266073.18470,264959,867,0.003272204378790681,2.431999921798706,32,32,0.0,744755.5904360729,99.25424793467263,740942.7615502585,99.20765955065113,743975.3259555044,730640.0814523177,99.24371819721785,99.20131021272819,743968.7819963252,99.24934997659594,744353.7883854741,730100.057662139
121,1548266073.25142,265142,887,0.0033453771941073084,2.5409998893737793,32,32,0.0,691660.7115423954,98.89718306168314,679942.6224191923,98.76881521698732,688157.7094185334,682189.5853228892,98.87951477943375,98.84802200522574,686702.6753663247,98.87017048700065,689215.2362621424,680876.0266716926
128,1548266073.71856,265079,1406,0.005304079161306629,1.6089999675750732,20,0,0.0,689613.9173433086,99.10050578257771,649376.1899148113,98.92732995801956,682895.4505964189,676150.9937146853,99.05802154989314,98.96824544268107,686933.4261022174,99.02597502385493,nan,nan
129,1548266073.81866,265426,5166,0.0194630518487262,1.6319999694824219,32,3,0.0,713619.7787803,99.0838643133969,615933.8453986215,98.61754107406577,694536.5873567924,679063.369148042,98.90233124246816,98.74493131210421,687883.4310009658,98.96786640153668,649676.5306507852,nan
130,1548266073.88539,265761,6913,0.02601209357279661,1.6319999694824219,32,20,0.0,839429.8103802183,99.28450919492897,708771.1611714113,98.72516699277126,817987.9195522154,804376.7297379092,99.13710011916014,98.88524744145222,832983.5618674872,99.24351630464538,822640.1209457691,701493.7758079892
131,1548266073.95213,265486,5712,0.021515258808374075,1.3919999599456787,32,7,0.0,972031.3642317543,99.68505947599755,737807.154026403,98.97557562088167,947163.036375275,934903.3146407797,99.52950253147426,99.45850183251451,946500.711454748,99.525021454741,910861.7546050276,nan
132,1548266074.01887,267151,21544,0.08064353118648256,1.5325000286102295,32,12,0.0,1159438.874825216,99.87903147548516,560221.4764111837,97.68387731145334,1083874.4556245136,703990.6468642456,99.41737833169509,98.09358185026888,1085312.4057343623,99.40965001009965,734181.2719903686,648203.1956912875
133,1548266074.08561,266454,27572,0.10347752332485156,1.5290000438690186,32,22,0.0029427083333333336,1129176.309880477,99.66651076000873,494597.24131541006,96.99772913720287,1030966.3746037846,691762.7166410348,99.08850775990912,97.72256203662145,974089.2621777122,98.83772523342566,687121.6276664874,565414.6668292625
134,1548266074.11898,267210,29929,0.11200553871486846,1.5360000133514404,32,25,0.0006282552083333333,1059918.7595460212,99.7970473566871,541103.9765204289,97.60294124320231,973705.390355465,794167.450700236,99.23615081523593,98.3729870209799,970405.9410407944,99.17425801828418,672149.0943674139,605389.6432203618
135,1548266074.18572,266802,32194,0.1206662618720999,1.503000020980835,32,20,0.0,1079108.2452685146,99.8573444562087,477200.340456582,97.04551996306088,988158.6510923312,552601.6943071346,99.27608507277752,97.37487953476175,1005269.0153395224,99.34752061840352,586782.6026328353,525765.3068800061
138,1548266074.38591,264978,559,0.002109609099623365,2.6389999389648438,32,32,0.0,916007.3487158292,99.71262368253826,913820.2920637506,99.679966089001,915362.284196221,910473.7053533724,99.7065386312209,99.67676472371696,915948.6637314286,99.71239255149544,915464.0249319808,910615.6798828049
147,1548266074.98655,261457,804,0.003075075442615803,2.618000030517578,32,32,0.0,975531.9325349053,100.3175800615704,972272.2792355749,100.2675580981092,973471.9414518599,968164.6953812197,100.30697548458951,100.27248285479732,967048.59593618,100.27226862050821,973687.5632939404,970483.9753563348
148,1548266075.05329,263347,3704,0.01406509282429646,2.5409998893737793,32,32,0.0,895516.1801707199,99.64441822770137,886614.926437276,99.36715512674155,875889.2738233805,840089.1089564478,99.53321214172325,99.37774968275451,886065.5289885822,99.58279766226488,885892.3827269359,857584.7849002726
149,1548266075.12003,262733,1566,0.005960423700106191,2.8350000381469727,32,32,0.0,975658.5178212835,100.34877337451755,968246.7260829284,100.29654587665533,972726.8544427203,965295.3326365898,100.32321826890188,100.28866440406402,973821.279158177,100.32737664940902,973633.5907932987,967499.8772510851
150,1548266075.18676,260963,1239,0.004747799496480344,2.6389999389648438,32,32,0.0,930546.7256549775,100.13833161863751,924753.2039089613,100.05444197369468,927052.5329755493,922264.4046130289,100.10625156112509,100.06839805913377,929104.3067096063,100.12454823797445,927005.9662910139,922062.182174868
151,1548266075.25350,265702,629,0.002367313757517821,2.559999942779541,32,32,0.0,811848.993396332,98.79856513585317,810201.4412439012,98.76879283365534,811148.5975151467,804730.8296199245,98.79118378029816,98.75872238592694,811222.0722491428,98.79220130046022,811466.3010277965,808129.298254751
152,1548266075.32024,265987,131807,0.4955392556779091,2.2260000705718994,32,32,0.3566943359375,621581.7717683832,97.70885911344755,56626.70598917885,89.32344957638384,247866.21955538,135110.37710506748,93.39615950754086,91.5049637237878,245823.52316729532,93.47520911955684,223310.9052801687,79420.6926895131
153,1548266075.35361,263459,71636,0.2719056855146342,2.0280001163482666,32,32,0.18059733072916667,639349.6581610688,98.19183528895341,189959.64054070483,94.08126814812303,322711.10970691947,283856.08986540633,95.62623216719089,95.28293998187506,311299.8985372912,95.44271557697701,328801.5933605764,296724.6528391197
154,1548266075.42035,263836,2977,0.011283524613775225,2.5789999961853027,32,32,0.0,828174.4477649115,99.56416234737404,819539.6321083666,99.40195112227546,816738.608964006,793872.7080836565,99.50561125966053,99.39290249634836,802525.2556679395,99.41624340807171,821997.6345489698,798913.9954572277
155,1548266075.48706,262465,1675,0.006381803288057456,2.559999942779541,32,32,0.0,913829.623070256,99.70068931027782,906017.6520984303,99.61147364207584,906298.3561433018,885413.3115113238,99.65586560868411,99.55332095538984,903273.9307615802,99.66320155089632,903230.9244625639,887541.8174195878
156,1548266075.55379,261230,5083,0.019457948933889677,2.5409998893737793,32,32,0.0,1133530.6671442313,100.16274970048242,1122302.6825043892,99.86882751787056,1092712.5615335293,1017764.7947244028,99.96659812099517,99.80106467662777,1080240.3669110606,100.01118376779105,1098212.4174945112,1060104.5396681433
157,1548266075.62052,261973,9834,0.03753821958751474,2.7230000495910645,32,32,0.0008805338541666666,950828.6036014645,100.00894088743392,936427.9167052209,99.84369106901079,933074.2361845792,928000.8064110214,99.86833402931029,99.80734698597448,931907.1322742467,99.91432213252789,933551.4014699664,925306.6432590082
159,1548266075.75401,260619,592,0.0022715151236095605,2.933000087738037,32,32,0.0,918559.1725354631,100.07873853268745,917076.3988476893,100.05702794806366,917497.0656455146,910082.3091347356,100.07222086218339,100.04674233411187,917253.4889998948,100.04171328124312,917586.4744755076,914089.9122515481
160,1548266075.82074,261854,108796,0.415483437335309,2.240999937057495,32,32,0.29919759114583333,890473.4675033328,99.84704839490743,99628.37088093102,92.33900016952823,271501.30672749755,146169.69233450887,95.09756222478194,93.36801917853441,274016.8693318755,94.87892225826604,279075.7484689052,193271.85024506022
161,1548266075.88748,261318,502,0.0019210310809052572,2.812000036239624,32,32,0.0,952305.382067047,100.1802512506254,951417.1120787062,100.1529260988278,950504.9225814738,944027.6634715552,100.1663331067048,100.14068842374877,951003.9928831323,100.16025430966488,951427.2698073781,946165.6019143739
162,1548266075.95422,260084,916,0.003521939065840267,2.2860000133514404,32,32,0.0,965533.3918632906,100.28833095831834,914860.5572680711,100.14624038678406,965059.6778563759,957708.0272244716,100.28376888220834,100.25476650588459,965526.4871665785,100.28818599263779,964956.7099872448,954766.3058634878
163,1548266076.02096,262986,2934,0.011156487417581164,2.3980000019073486,32,32,0.0,894061.429811772,99.01025357895605,819260.5835227014,98.72303436201531,891611.6015152301,847230.7627932351,98.98092259570134,98.8855546234263,891454.7899492932,98.99887500587427,892255.5180457884,864993.7512422198
164,1548266076.08770,262911,1977,0.007519654940264957,2.6389999389648438,32,32,0.0,887219.8690154724,98.6305292464958,884456.5876880661,98.57398534953589,885671.3713220084,867377.9773658343,98.6070547550888,98.53279131637485,848281.1309319425,98.51445424964115,885698.944679834,873253.8639862357
165,1548266076.15444,261013,43046,0.16491898870937463,1.8329999446868896,32,32,0.036376953125,961056.8636788409,99.53864756421294,326876.75237214717,96.52714757485498,728943.4192543984,488180.47375877603,98.64410275139592,97.49759612485073,802596.4297372961,98.74440867390229,489300.59937058564,438856.05701700866
166,1548266076.22118,260896,43569,0.16699757757880535,1.7940000295639038,32,32,0.06856608072916667,1170237.9321006413,100.08872263052687,355563.4232039589,96.97498567816828,614900.5514074,509510.16742180806,98.22510106034915,97.6988390588139,971404.8155002266,99.38003964305958,566471.402733657,469611.255391277
170,1548266076.48812,260480,7188,0.027595208845208847,2.5409998893737793,32,32,0.0006966145833333334,1751427.4067188383,100.80964960288182,1607453.5230480828,100.2554427563316,1649884.2880488534,1559423.5888950424,100.579395569616,100.36454603589087,1697236.0747442476,100.62383228903116,1652733.5457392335,1532997.8527249703
171,1548266076.55486,258582,7174,0.02774361711178659,2.5409998893737793,32,32,0.0008268229166666667,1865790.1105818348,101.2516050101689,1812403.8124986836,100.66083646001715,1792558.085392979,1696808.7571881467,100.99917080852651,100.82759114091184,1825269.9599093827,100.8075631855908,1828055.7067351623,1711318.0353934576
172,1548266076.58823,259287,5872,0.022646719658139434,2.5220000743865967,32,32,0.00232421875,1950279.8706389198,101.36483648534147,1916037.3138486925,100.9024501948816,1864515.4828041831,1831730.9046394927,101.0728422764535,100.99092656173757,1867363.6407999166,101.03656038179696,1864643.714987568,1824215.106314437
173,1548266076.65497,261876,58350,0.22281537827063191,1.7130000591278076,32,32,0.11811848958333333,1692310.175846971,100.12358538633995,245693.98309640068,94.98472361355748,608712.7151336689,495438.38947724475,97.06525916150751,96.42897600254473,526482.5459894977,96.62478536663193,567735.0122939944,344601.03672775713
174,1548266076.72170,259361,23334,0.08996726570301626,2.431999921798706,32,32,0.014863281249999999,2127044.8413937874,101.2351064283209,2073661.3380567934,100.72756489293357,1775484.783153718,1460076.7341232381,100.56053400491804,100.16691371682975,1944437.6385986316,100.86749601724549,1915095.1892167353,1582075.0759827483
178,1548266076.98867,260848,5961,0.022852389130834816,2.559999942779541,32,32,0.0011311848958333332,2695045.898703739,101.40724056202457,2317259.6358806165,100.84516591189579,2574751.689812386,2471506.6647358607,101.15581497852685,101.06459812510553,2610851.9636830944,101.17070443318119,2539907.8474057224,2389899.714767296
179,1548266077.05539,260687,989,0.00379382170955974,2.8350000381469727,32,32,0.0,2838747.423118261,102.14970566825428,2833885.6489700237,102.1310388941065,2831305.527384651,2812252.5706666964,102.12804381980682,102.10278036322585,2832383.7316466267,102.12505749440015,2834248.8079281347,2824058.2457892755
180,1548266077.12212,258776,9589,0.03705521377562061,2.2860000133514404,32,32,0.0009261067708333333,3023335.9133776957,102.32938245987366,2977197.052313791,102.15744019771775,2884084.732105604,2476054.781084929,102.04163151321637,101.62778538030824,2820063.2943828832,102.04777879977775,2903819.100722607,2732233.003883237
182,1548266077.25561,259797,63171,0.2431552327394081,1.4700000286102295,32,32,0.0884912109375,3312802.912114425,102.47940638194746,335428.3721238526,96.6876480958025,1777925.176361206,781952.2991019198,99.92115710293128,98.49607327478653,1520361.0816308695,99.1358229977774,1130427.6883212803,799408.2009549622
186,1548266077.52257,262094,74544,0.28441704121422084,2.3329999446868896,32,32,0.1622998046875,2814125.001972562,101.93231628908356,2138477.5763462484,100.73178223267276,2298984.998509569,2177051.112961265,100.86383305257316,100.48665419922989,2460686.598287028,100.91586874353317,2309382.6700161304,2163796.994320383
187,1548266077.58931,261413,6328,0.02420690631299897,2.933000087738037,32,32,0.00014322916666666667,2718173.1956686387,102.29231822160278,2674583.0849075518,102.14813059086713,2688406.005423659,2630917.964579598,102.18728174666643,102.12010629612584,2633413.6573169073,102.09080041584268,2682638.2523755087,2630363.997155581
188,1548266077.65605,262632,2426,0.009237259739864145,2.8350000381469727,32,32,0.0,2406615.474094229,101.52041016266797,2350506.259449137,101.41682910198665,2394557.4532870874,2384714.785396479,101.47866604669338,101.44872081489056,2392984.4558801656,101.47306560498495,2392649.7883502683,2369669.7738439715
189,1548266077.72276,263764,2980,0.011297978495928179,2.7890000343322754,32,32,0.0,2235326.8301701006,101.50872089156562,2217641.2927001407,101.43187421437625,2224271.2556539616,2208285.87341944,101.44830095653079,101.42176934219201,2228891.0736057917,101.47279620294748,2224117.299316792,2204003.336234467
190,1548266077.78946,261822,3873,0.014792492609482778,2.7890000343322754,32,32,0.000146484375,2137037.8749644207,101.61219380557449,2039090.6296856485,101.40433237169091,2061882.9057773948,2017584.2482491264,101.50642863937547,101.44503898044472,2072763.7021591475,101.51882521467965,2093657.2289711891,1985111.514744127
191,1548266077.82283,262162,2702,0.010306604313363494,2.5980000495910645,32,32,0.0,2001026.7395877712,101.22239370574968,1952009.0061647226,101.05633731592332,1984962.6788566618,1956599.338565093,101.18084263555691,101.11123017676704,1998052.1244542466,101.17329169424065,1988885.2313280753,1955636.845978078
194,1548266078.02303,263399,1203,0.004567215517143193,2.618000030517578,32,32,0.0,1664080.5461625187,101.17930071310714,1656132.9050682045,101.12159962669642,1662526.51349248,1627019.0665905792,101.15228788113919,101.1220722728258,1662455.5323790903,101.17544815134121,1663165.8609339702,1653744.0215019588
196,1548266078.15655,265077,1214,0.004579801340742502,2.6389999389648438,32,32,0.0,1380838.5945109995,100.81122173198182,1374616.0210080363,100.75449258841208,1378583.1665195483,1371503.1489705972,100.80009247484875,100.7441941765451,1376928.0814853234,100.79695289547232,1379427.8674869156,1371285.8181052639
197,1548266078.22330,265188,2163,0.008156477668672791,2.680000066757202,32,32,0.0,1322313.8139340912,100.80780897899763,1296184.2419174716,100.63277729919386,1311757.4082481365,1293428.430606659,100.76121002334138,100.69187559410678,1311312.1212295657,100.78109233421937,1315306.9457007144,1299668.7869481563
198,1548266078.29005,265064,2691,0.01015226511333112,2.6589999198913574,32,32,0.0,1273370.284362079,100.93412883021828,1262512.9916575942,100.79684502114361,1255271.573519718,1241026.468081714,100.86814644584504,100.79710690086563,1262968.888868824,100.88943774441304,1267076.8609184609,1251759.3098436638
202,1548266078.55702,264072,1671,0.006327819685540307,2.8589999675750732,32,32,0.0,1460982.8858603851,101.28660410089348,1449377.53778369,101.19255887413385,1453988.7566138934,1427086.1102592028,101.25549413477304,101.22128823406509,1433659.1253367423,101.22890447141285,1455444.3676750513,1447218.5328584444
204,1548266078.69051,265845,669,0.0025165039778818486,2.6589999198913574,32,32,0.0,1199234.6751031221,99.64972394388245,1190696.4695561351,99.5883381052108,1197656.0530616646,1188995.8227701916,99.63560282199182,99.61160465206011,1193254.2530106488,99.63863837139868,1198549.625477718,1194859.0063082983
215,1548266079.39122,265177,764,0.002881094514230118,2.2119998931884766,32,32,0.0,1388470.5109692006,100.27460280363465,1380443.7053256894,100.23801012460977,1385233.7757494054,1370015.3133379265,100.25891404577601,100.22104439392298,1383984.8848131993,100.26624240085765,1386498.6572508041,1381401.2173866292
216,1548266079.45795,264623,1582,0.005978316321710509,2.065000057220459,32,18,0.0,1595020.4199507735,100.68803429385696,1579684.2077823386,100.63187936877215,1581548.7095483572,1549061.5256569134,100.63491765437412,100.55437810781234,1542725.732865637,100.60551082246093,1585465.913457796,1552588.593003904
217,1548266079.52470,263943,53606,0.20309688076592294,1.4579999446868896,32,32,0.01633951822916667,1586573.827658677,100.00691767158855,656620.951107965,97.54565786457302,1216074.7620834578,876154.6614361071,98.41552803354807,97.85127894833725,1104680.5156629628,98.01660887133541,931541.88127719,772860.3856899461
218,1548266079.59143,261972,57242,0.21850426763165529,1.4520000219345093,32,31,0.005660807291666667,1768627.4161463238,100.78882499617487,741661.660464845,98.28015749091433,1394062.7192310398,982379.6392089729,99.27071175785807,98.42173239529548,1644422.7051004684,99.87230076587129,1077063.7143752242,889211.6307139737
219,1548266079.65816,261824,50043,0.19113221095086777,1.409999966621399,32,29,0.0,2036142.8627042463,101.09534314200666,780028.8803256664,98.36758396007366,1736845.8700304644,1051907.6120729086,99.65154134896878,99.01097541338466,1225977.6497910712,99.15893505551935,1147039.9489377567,959211.2106935671
220,1548266079.72490,260993,60132,0.23039698382715246,1.4329999685287476,32,28,0.0,2213742.894882462,101.61654899801147,833491.2596952325,98.59100011990867,1945339.3057297552,1140702.3459677526,100.49572348502357,99.0998179924613,1412890.4140760077,99.18374578738941,1114096.430817564,872059.400531171
223,1548266079.92513,259593,1851,0.0071303925760710036,3.009999990463257,32,32,0.0,2297487.180164718,102.05308554299981,2294269.3731122604,102.03400497370069,2282631.275788188,2259072.670661171,102.02071747453621,101.97319109246699,2284128.7015393763,102.00112957588613,2291790.477372054,2268068.408460506
228,1548266080.25880,263819,649,0.0024600199379119776,1.496000051498413,30,10,0.0,1966903.7283752733,101.47604591686498,1952086.1630623066,101.42874335292231,1955843.3816521568,1937037.3108014448,101.45168731346169,101.3903172373559,1965687.3129328263,101.46160140618859,1951102.4706334495,1926262.812666507
229,1548266080.29217,263295,3896,0.0147970907157371,1.2100000381469727,32,32,0.0,1877260.1414150372,101.0730658688546,1649749.367266876,100.6542464436354,1827524.4578868845,1739425.7884760909,100.97340517983854,100.7425527894224,1855259.2317265968,101.0339320894948,1817200.749205606,1725186.507078968
230,1548266080.35891,264751,3593,0.013571242412682104,1.1729999780654907,32,13,0.0,1769790.2445973922,101.16049545506999,1615350.9539437625,100.82389013835858,1754071.660273447,1679174.2169362064,101.0976155134217,100.96763794151714,1689205.146317465,101.0144140498688,1732043.8824317202,1703843.4091599896
231,1548266080.42565,264334,65945,0.24947604167454812,1.5789999961853027,32,30,0.0077490234375,1602374.3128500977,100.47805461891117,550267.0032405974,96.7160764312904,1200799.2393264633,861948.3026568631,98.46228372249334,97.40314005524044,1049489.6516044952,98.11212069012947,858163.864354742,720079.9085125198
233,1548266080.55911,266096,53428,0.20078467921351692,1.6009999513626099,32,16,0.0,1806807.8817076152,101.26468182442834,662758.7231692629,97.98620070510316,1530166.1201124291,1017240.3224540763,99.82905948860348,98.65331652182256,1096020.3120084307,98.8017960635671,909880.8987294518,708527.5123997164
234,1548266080.62583,265091,48421,0.18265803063853545,1.6549999713897705,32,32,0.08907552083333334,1588556.3700007522,100.67535796880499,646439.3427070687,97.84307928779214,968070.7953710725,727831.5453920969,98.50820981406153,98.08343381605307,652329.3882291666,97.81603931796019,781748.9934961279,684250.5174144235
235,1548266080.69257,265091,41230,0.15553149673131114,1.8040000200271606,32,32,0.0,1474637.130536484,100.15959179222227,651161.2998517725,97.76359978807909,1330167.5361931429,967058.479320633,99.13903476001838,98.3759085024414,992962.6167649016,98.4991195395796,1043473.7003314004,668444.9722618767
236,1548266080.75930,265143,34860,0.13147622226496644,2.0899999141693115,32,32,0.02125813802083333,1421908.4738170116,100.32616493457975,726063.9826114441,98.31434324104625,1280122.9076992031,941866.1436832898,99.15528538958144,98.8803982077052,1319667.199440664,99.26603155125603,1278326.1965278368,856577.9537646321
237,1548266080.82604,266448,5672,0.021287455713685222,1.3760000467300415,32,5,0.004083658854166667,1093130.5948432498,99.61480950671495,779486.2256534973,98.53295169273909,1007649.9246467545,822360.8723718828,99.19086746451165,98.59766883462888,891164.9054537199,98.83349461950314,858322.212629516,nan
238,1548266080.89278,264857,1285,0.004851674677278682,2.8350000381469727,32,32,0.0,742991.8480023299,98.66548695180137,738140.8640519165,98.60678890728292,741423.9116374423,736079.8573345365,98.65299044303143,98.60660430444425,741776.0687342605,98.64814685563067,740950.1423724208,736474.7937681344
241,1548266081.09300,265535,771,0.0029035720338185175,2.9579999446868896,32,32,0.0,770293.8918808093,98.58227536252542,766542.4560594786,98.55019235944954,769273.6202016553,767018.6941407224,98.57180981845315,98.54003919518178,769758.5077615505,98.57351516461321,769161.2995492937,766309.7799683085
245,1548266081.35992,266840,2643,0.009904811872283016,3.119999885559082,32,32,0.0,856118.7974724637,98.22952039971614,850566.4427277568,98.19640582551786,853016.5150836105,841352.8185916657,98.20163082463094,98.14911839155513,855217.7712496459,98.22634313798028,851268.7293548598,840738.2517498572
246,1548266081.46003,266805,1451,0.005438428815052192,2.9839999675750732,32,32,0.0,737784.4094838791,98.073073217245,732073.4016797027,98.0387053096523,736646.0988264483,716819.9940237611,98.06144080583772,97.99169877304688,737686.8465410047,98.07203554858658,734379.6034321785,728550.9742166981
247,1548266081.52679,264429,5843,0.022096668670985406,2.882999897003174,32,32,0.0,1073226.8420580053,99.73099604347908,1049087.2001689987,99.5574571246782,1051157.8595774393,998933.9780095189,99.61044022989387,99.44276071663467,1057608.2774761836,99.64468558229194,1049410.468232678,1009910.2474157194
248,1548266081.56017,266656,26051,0.09769515780631226,2.4670000076293945,32,32,0.009059244791666667,763781.4844264672,98.2878412921884,663029.1858033155,97.1605638033368,694728.1886136425,646854.3645590824,97.78103591983788,97.46427360067698,713361.5075990193,97.7525830988911,690747.8748407795,640115.9476686433
249,1548266081.62690,265552,28239,0.10634075435319636,2.484999895095825,32,32,0.006321614583333334,1017937.4731111029,99.20646966137107,908615.3359224361,98.14483164352,882700.4576928169,751597.3701353999,98.45024401851762,97.97949094637478,712884.9761740164,97.81788063878099,881742.4112634694,832006.0167604143
250,1548266081.69364,265015,24313,0.09174197686923381,2.431999921798706,32,32,0.009451497395833333,922163.5889476114,98.75168674382813,814956.6929313577,97.86713388195838,817082.1025642117,662943.745918958,98.20628881319024,97.49426678690324,853543.1424178055,98.21449126396556,853462.8626023089,753746.4960049494
251,1548266081.76038,266396,2074,0.007785402183215964,3.119999885559082,32,32,0.0,769149.4343345484,97.7925649078015,756913.713210365,97.7075222667088,765448.4152493832,754745.4063866544,97.75029426818959,97.69132175947323,759212.5089731945,97.71848934906066,764086.3424731966,751359.9916647903
255,1548266082.02731,264491,595,0.0022496039562782855,2.8589999675750732,32,32,0.0,1281685.334942966,100.20155342169627,1275498.7261106994,100.16165942631156,1280520.6131944356,1271360.5049081927,100.19344703923662,100.16680498482467,1281602.366130254,100.20042428720338,1279199.281482519,1266590.380527581
257,1548266082.16079,265103,697,0.0026291667766867974,2.7230000495910645,32,32,0.0,1174339.6492463348,99.941100363463,1166512.7551864323,99.87700485150424,1170157.098606012,1156482.3705635697,99.92284546311919,99.86584890440412,1171738.5982817751,99.93444347488969,1171344.634378092,1164413.5297706062
258,1548266082.22753,265206,671,0.0025301086702412463,2.4670000076293945,32,32,0.0,1182613.9186542593,99.9137392963694,1169312.118586147,99.8262410636274,1181977.085298268,1167148.1932263307,99.9082951639516,99.84589873165612,1180501.2117854478,99.90926732254292,1181948.8696628506,1175450.748763175
260,1548266082.36099,266367,1298,0.004872976006787628,3.0920000076293945,32,32,0.0,883830.5520461153,98.4879919275517,880491.666820944,98.46696349472383,880816.1608369898,874777.4970932679,98.46344926222818,98.42627197109849,876698.5356613136,98.44321001781022,881504.2630093578,874084.8157398409
261,1548266082.42771,264188,659,0.0024944357805804958,2.933000087738037,32,32,0.0,1233679.937069666,100.36803040881101,1222272.030333828,100.33884925077834,1232114.5179851379,1225360.0509657336,100.35604073936337,100.32423777290586,1233415.2027374068,100.36583918376927,1230892.713511507,1220838.4458626937
262,1548266082.49444,266227,24937,0.0936681854207124,2.3980000019073486,32,32,0.006515299479166667,819007.2651313152,98.2615999058176,716590.0961106586,97.30461676432711,736271.2916475877,621775.0229197934,97.67301055456298,97.18341231310772,793688.778329854,98.0255895361355,740202.6261399556,645859.8352676592
263,1548266082.56117,266708,593,0.0022234053721673142,2.7009999752044678,32,32,0.0,815600.0806801437,98.30340559743334,811361.8001598541,98.28515143659963,814973.7671984308,813066.6459972953,98.29729252610043,98.28323279113762,813968.6954605809,98.23095791682968,815033.6297466779,811409.0499311757
264,1548266082.62792,265896,833,0.003132803802990643,2.812000036239624,32,32,0.0,1121270.5456478568,99.89348247255266,1101300.0395789056,99.78260434349866,1119617.6095876405,1111161.0978453606,99.88363968372722,99.84438424433434,1115485.8158637325,99.84395909224871,1119938.2100087232,1113182.586868692
265,1548266082.69466,265842,1039,0.003908336530721255,2.8350000381469727,32,32,0.0,1089068.6468096452,99.60211152227673,1074700.1501794476,99.49586242460946,1086045.1180088152,1077160.850103699,99.5806155992747,99.5518297407638,1082166.141626804,99.57487106636071,1086164.1362428851,1077575.8134176987
266,1548266082.76142,265466,1521,0.005729547286658179,2.9079999923706055,32,32,0.0,1180562.1301349495,99.60754629463281,1171654.507015198,99.55726823192684,1178137.1114321044,1170250.5088169912,99.59123247918096,99.56245752313767,1180226.7607991502,99.59602713597229,1174878.5383484843,1155460.3513964636
268,1548266082.86153,265577,1592,0.00599449500521506,2.882999897003174,32,32,0.0,1171618.9616850838,99.76957469319244,1161137.2467079875,99.7045839276,1165702.1167863642,1146667.8388959065,99.74175328736888,99.6837902640133,1166878.8385998772,99.74834521027486,1166994.6127358573,1157186.8789055285
273,1548266083.19519,264743,2565,0.009688641437167366,3.119999885559082,32,32,0.0,1117854.2584441963,99.36653563219019,1103967.2960023002,99.27768788176061,1111920.9198671207,1092028.0579680311,99.32911906995824,99.291401881531,1107578.3962763955,99.30647013635405,1107358.725824899,1093691.336589067
275,1548266083.32867,265820,24348,0.0915958167180799,2.3489999771118164,32,32,0.008629557291666666,1008189.4440148757,99.08749778661199,874296.7458491604,98.15419779737476,902610.2668979743,882888.8873409092,98.43932652007038,98.18294236878175,905921.5135510551,98.50237922813852,899517.6130686007,864617.6876670271
277,1548266083.46213,265054,13047,0.04922393172711976,2.680000066757202,32,32,0.0007747395833333333,1209824.1601854616,99.86733398282445,1161508.5675045007,99.40743526998473,1161738.2359013148,1113862.831888943,99.62052957357501,99.45621973287399,1177089.1863516038,99.65008757792924,1151189.4185409157,1115425.6026237959
278,1548266083.52887,263834,19658,0.07450897155029299,1.8830000162124634,32,32,0.0002620442708333333,1188591.8342111106,99.96034265863139,677400.161164947,98.00467337490792,1161459.7369532292,770328.5027221553,99.80376599017728,98.40332890470424,1148384.8421671812,99.72432098933174,1152763.3774328632,769124.6201702649
279,1548266083.59561,264932,1147,0.004329412830462156,2.8589999675750732,32,32,0.0,1158195.265381803,99.89341174998503,1143345.8662822607,99.76990520701534,1153016.8768895816,1135032.7524623352,99.87088446467271,99.81034963470235,1157543.1461573085,99.8893541496528,1154932.9263232732,1147919.192935709
280,1548266083.66235,266406,522,0.0019594153284835927,2.618000030517578,32,32,0.0,1106093.2297940408,99.48584732651881,1104525.5939394543,99.47210202572276,1105632.8786834965,1102019.5252156758,99.48265526208061,99.46292963201893,1104417.3620758457,99.47204667825433,1104898.1822387478,1101849.5331285293
283,1548266083.86257,266086,1327,0.004987109430785536,3.1489999294281006,32,32,0.0,1006583.6861085478,98.94531111076424,992951.0582190703,98.88043962481706,1003495.0807784327,991214.6737420968,98.92285487650574,98.8839015953851,1002038.2557822592,98.92994907871005,1001557.7954174706,994015.0436145609
284,1548266083.92931,266105,645,0.002423855245110013,3.0920000076293945,32,32,0.0,1038120.0155420237,98.96900963765395,1034374.3587107711,98.9471360650958,1036247.1971223641,1027054.3294709992,98.95564980390893,98.93381642113388,1038076.7751270684,98.9684881860623,1036296.9917518862,1029788.917835325
285,1548266083.99605,266082,918,0.0034500642659029924,2.618000030517578,32,32,0.0,1176307.7605672781,99.87220892642073,1165990.7265857542,99.83321632911212,1174849.8005532725,1165594.2337416795,99.86281565254163,99.82637367251496,1175662.6648090973,99.86928547846733,1175552.3263906112,1163432.152134971
286,1548266084.02942,265831,3038,0.011428313477359675,3.119999885559082,32,32,0.0,1079642.1020766534,99.03413020811539,1042146.6671466315,98.87620819741275,1067549.5169362202,1057416.4467445498,98.98047221245922,98.91578821806263,1066628.463492183,98.9234740185194,1060931.3011907092,1037898.8520781656
290,1548266084.29635,265919,1113,0.004185485053719366,2.5789999961853027,32,32,0.0,1237876.1094877569,100.42506249778674,1231456.5434627712,100.39086218591802,1236944.6501323911,1220085.0397318895,100.41189747228535,100.34252564419234,1237454.5304326036,100.42182109337949,1237003.8321202563,1223239.9579035016
293,1548266084.49657,265314,779,0.002936143588351915,2.5980000495910645,28,21,0.0,1128102.7153674234,100.16158909320923,1122524.45386328,100.12830972870003,1123378.4228316853,1106571.9119185717,100.136687188504,100.08296573133593,1122219.9911993735,100.1224624470274,1120898.6149799202,1115114.6287573157
294,1548266084.56331,266344,1074,0.004032379178806356,2.5789999961853027,32,32,0.0,984237.2550889611,99.29158011300581,974767.9635620007,99.22938780259082,982971.8281914841,968012.2992027265,99.280119855972,99.22660688605364,984046.466022192,99.27489018286612,982696.2242187755,966030.560119355
295,1548266084.63006,266722,565,0.0021183104505815044,2.680000066757202,32,32,0.0,1132855.6788735513,100.0643831368721,1126030.3456716046,100.0396136673822,1131909.8392154495,1119999.4796679493,100.0543215468574,100.02602372012906,1132563.606469326,100.05526892153422,1131866.4386660638,1121638.1556748422
296,1548266084.69679,265773,2961,0.011141086566355499,2.680000066757202,32,32,0.0,1118867.0504886028,99.76889585319664,1112409.0123077047,99.65626535092295,1107316.487865101,1085054.668867835,99.71390983925836,99.6452518571381,1116292.0072200918,99.74349073452912,1103732.0273916929,1078298.382258999
297,1548266084.76351,267528,2014,0.007528183965790497,2.6589999198913574,32,32,0.0,711085.8597621265,97.76513844952613,700772.7322018448,97.69674724228065,706431.7446668961,695282.0503619832,97.7212114400578,97.67158891112713,695166.5526799819,97.68477702745945,707343.7959272952,699895.8447106484
298,1548266084.83026,267132,2127,0.007962355689322133,2.7009999752044678,32,32,0.0,709128.7945168075,97.51557675402088,701673.0936424263,97.45894987585157,705893.8855063359,693514.5451530766,97.48126305848831,97.41775717419101,705575.8871924946,97.482480738625,705239.3566367738,699600.9763003425
300,1548266084.96375,267499,2094,0.00782806664697812,2.7230000495910645,32,32,0.0,885286.0809566455,98.76672469070928,869288.7200426221,98.67794037624795,876412.9137162161,865388.9734147063,98.72345262300689,98.66570455708549,878777.8982634562,98.70942389166959,878673.2131901239,864054.4205456548
301,1548266085.03049,267876,6216,0.023204766384446535,2.882999897003174,32,32,0.00025553385416666666,667710.9552624782,97.3154382727176,650284.4359768096,97.1577070737784,654750.7695992661,639955.0978979009,97.21535539640468,97.13420428215086,664580.7743716167,97.22318340080211,654775.9683568606,638858.6957693439
302,1548266085.09720,267823,32466,0.12122185174536915,2.38100004196167,32,32,0.011061197916666666,677696.0219235974,97.2898764526812,515269.43465823046,95.72122750632832,576720.421871583,526272.5088090225,96.56340879783814,96.02490551448223,561307.1644881727,96.19016150165365,563786.3680667225,526001.7435934466
303,1548266085.16392,267783,3216,0.012009724291683939,2.812000036239624,32,32,0.0,832361.4224093934,98.01507349886222,807221.8987955046,97.87627078286593,823211.9971062054,803735.8401093998,97.94525388186526,97.88215416636776,824484.0320939227,97.9523823094818,819630.3632054111,803771.4830182375
304,1548266085.23066,267476,6098,0.022798307137836666,2.9079999923706055,32,32,0.0004915364583333333,889507.7973635865,98.5222400986133,859956.6836744448,98.3171567690538,872346.4712274623,853934.8154367878,98.39503083370855,98.33219290485563,869643.8500738569,98.39547338116927,868393.5124792352,849323.0050720607
305,1548266085.26403,267625,7924,0.029608594114899578,2.5789999961853027,32,32,4.2317708333333335e-05,914257.6894536123,98.76117097163944,871958.3471595912,98.41963835434682,891082.5480244664,852691.654341766,98.61053977043706,98.38127787687645,909147.2834273105,98.71883051935528,890263.1761199611,839541.2847437881
306,1548266085.33076,267319,891,0.0033330964128999436,2.680000066757202,32,32,0.0,888886.314631219,98.50394997364852,885622.9303428658,98.46789220093692,887589.5604918936,883739.3129117755,98.49381835285861,98.46696389573883,888191.2732654754,98.49936111712648,887255.1604519113,881582.1354787098
307,1548266085.39748,267275,1835,0.0068655878776541016,2.9079999923706055,32,32,0.0,906489.1792984837,98.7188537094957,898868.9704407745,98.65291218202908,903333.7879686336,897383.4824327512,98.69551368695736,98.64911697554608,901146.7965995853,98.69581421928629,901214.7989905607,897278.0720603503
308,1548266085.46422,267088,3286,0.012303061163361889,2.933000087738037,32,32,0.0,2412681.624468356,101.41731333583178,2368172.7680085287,101.30022392339664,2405803.084279859,2152637.4025678593,101.37735114329001,101.09043218761782,2405698.804979312,101.3796016908663,2401495.239152664,1917206.0117737518
309,1548266085.53098,267172,885,0.0033124728639228663,2.812000036239624,32,32,0.0,958302.9925158668,99.47150785994049,950328.6416813206,99.40834425128509,956287.7062698004,950935.1004480211,99.4595511802224,99.42736494834513,957733.4844708132,99.46679557006816,957072.418331907,949176.4891103364
310,1548266085.59774,267326,558,0.002087339054188519,2.7009999752044678,32,32,0.0,1034271.0092065786,99.908180217202,1030377.5319184149,99.87535233612823,1032675.3107078007,1026671.6780485945,99.89612325745722,99.86042429024573,1032297.6624079233,99.88801191720286,1033563.8694533552,1030230.6495562108
312,1548266085.73121,266748,939,0.0035201763462144047,2.680000066757202,32,32,0.0,1005600.3276664743,99.77779596195425,1001198.1714579342,99.72750003530452,1001475.9569550476,995499.1961763662,99.7568819921541,99.7198620766967,995704.1020608055,99.70149993979604,1003127.6481743285,998543.6379213637
313,1548266085.79794,267528,1250,0.004672408121766693,2.618000030517578,32,32,0.0,974159.8668772845,99.42975439367754,969081.6800050864,99.38753673281113,972253.5756343424,954087.0486509649,99.41096608818597,99.3254925601144,965493.0261515265,99.39837211385704,971854.5361203646,961303.5446782837
314,1548266085.86468,266370,709,0.002661711153658445,2.5789999961853027,21,13,0.0,1062681.5737281344,100.06407755523097,1061160.0045410548,100.03840526560492,1058061.6477606795,1051708.6549120178,100.04714494771494,99.96940781747875,1060308.7230930484,100.0391660382436,1058596.6722880201,1053759.1154998925
316,1548266085.99814,267765,845,0.003155752245439098,2.9839999675750732,32,32,0.0,891980.4940454426,98.77612942258168,891191.3531343164,98.76876912949231,891428.1770866124,883474.3691512358,98.77227018220947,98.73160204136487,890826.0561975905,98.7664665894612,890713.3919748487,886243.6930114375
317,1548266086.06488,268699,672,0.002500939713210693,3.23799991607666,32,32,0.0,851351.4121349165,98.46204814163002,845093.166608368,98.40961594339075,850009.0873868007,843944.4840030016,98.44895464938834,98.41037548855121,850462.8409809351,98.45378236474362,850580.0763000919,846564.5232484238
318,1548266086.13162,268162,1940,0.007234432917415592,3.009999990463257,32,32,0.0,810056.5551675769,98.23417982509969,799187.9265201158,98.09352211470866,807789.1609032956,800498.6498489954,98.20801631444212,98.15492283879252,801735.4824184831,98.18490080350526,807663.2294147601,800145.876958348
319,1548266086.19836,267419,748,0.0027971086572008723,3.009999990463257,32,32,0.0,1002317.057325707,99.02870188333586,999092.9359935387,99.01230793847888,1000267.286309297,996098.9540139451,99.014203169967,98.99851967979819,990971.9994170538,98.98557971564564,999181.9219162383,985586.965216641
320,1548266086.26509,268542,1329,0.004948946533503139,2.9079999923706055,32,32,0.0,912781.854615659,98.64458166370386,909100.5757000302,98.61594033548985,910870.660115282,902973.7336720291,98.62651979417122,98.56756135960642,906946.4653547184,98.62081826482141,910565.0195494131,904158.9595852845
321,1548266086.33183,268395,744,0.0027720337562175154,2.3489999771118164,32,32,0.0,783767.9005763396,97.71890046253198,781091.0364661355,97.6627692005,783300.9496858227,771940.7655742319,97.7149534880505,97.65874391849339,771780.4548013151,97.62191708757383,782698.3565681833,778191.4959738036
322,1548266086.39858,267111,961,0.003597755240330799,3.0920000076293945,32,32,0.0,1117958.7791698775,99.53009820639744,1113824.0314997109,99.50309537514272,1115367.2741811364,1103857.356444754,99.51464464773956,99.47057666065747,1112980.8448225893,99.50579017085603,1114796.7945425997,1106964.9824155483
325,1548266086.56541,266974,865,0.003240015881696345,2.7669999599456787,32,32,0.0,1025495.1960874129,99.21120539329962,1016226.1754167537,99.17371801876905,1024605.9232216752,1016617.6349348685,99.20255426653819,99.16048276786437,1024738.2911426581,99.19453749354915,1023217.3289484105,1015790.2999252871
326,1548266086.63217,268874,1185,0.004407268832241124,2.9839999675750732,32,32,0.0,732669.3363186485,97.50379904092512,726904.8069144299,97.45433696788271,730280.4391037761,725129.869379011,97.47936440984782,97.44990293967541,731696.8934515781,97.48920015608344,730543.2165018283,722795.9244912722
327,1548266086.69891,269090,38136,0.14172210041250138,2.3010001182556152,32,32,0.027418619791666668,500082.7040688452,95.65232589058655,371854.2350635206,93.79397110348718,407206.7456350843,380166.4570822263,94.53033022866873,94.24041688790949,409753.0969702247,94.64735204213036,410921.04751688393,384117.7652896581
328,1548266086.76565,268868,36079,0.13418852373655474,2.25600004196167,32,32,0.027483723958333334,470519.22798287397,95.60684015480568,338918.1870621915,93.62469497162976,385632.5454990959,373270.71944877127,94.59301335437937,94.3629090455525,409709.3561498604,94.93035700477841,390998.68075800175,349655.73302716075
329,1548266086.83238,267997,5647,0.021071131393261864,2.74399995803833,32,32,0.00020182291666666667,839961.5047328699,98.7862584321119,825473.1541989263,98.62967287433841,823700.0584093007,806866.5981506611,98.66575662673878,98.55864608175622,827970.0657405892,98.70309629569093,824099.3109596737,807671.2042546705
330,1548266086.89912,269270,48011,0.1783005904853864,2.3489999771118164,32,32,0.054962565104166666,672497.1496852195,97.2474751239452,476650.9433503604,94.81397611974042,536637.5250639049,470573.65954134095,95.96840569953662,95.40478833049288,493795.1812486181,95.58860676498635,537505.2908703934,496529.11691466667
331,1548266086.96585,269187,50465,0.1874719061470279,2.3329999446868896,32,32,0.040162760416666665,473156.9980150799,96.11139954796766,295353.6393005456,93.1275419948162,382243.7377915049,357990.28016619413,94.89670743669564,94.66720132845298,401278.3381742358,95.25877127187367,378340.1284735186,349919.3834715359
332,1548266087.03259,268373,52356,0.19508668904845122,2.3010001182556152,32,32,0.041261393229166665,750764.6007599018,98.14074508088369,482879.79854897567,95.26241658572336,589616.9800897585,555493.4849348287,96.85243135233858,96.28403180655692,604788.7283129102,96.90769074402763,585402.7493067399,556014.3880635069
333,1548266087.09933,268419,2827,0.010532041323453258,2.680000066757202,32,32,0.0,856633.7616374629,99.8304192295713,853169.4454904647,99.782373025197,851562.4454029386,832098.9068454897,99.7896683683642,99.64682199960791,853020.3173500508,99.8058778846903,850201.0110413078,839700.2491312874
335,1548266087.23281,268007,1262,0.00470883223199394,2.4670000076293945,32,32,0.0,836113.889363303,99.45146891685188,827145.2448551122,99.35801379741703,833527.1954895933,829212.8558377352,99.43385645512457,99.41875581635887,834830.5851875703,99.41965525990389,833720.5261277688,827644.5959116011
336,1548266087.29956,267739,823,0.003073889123362678,2.618000030517578,32,32,0.0,874950.1324681671,100.04664180888109,873869.48341897,100.02679442356654,874387.6655210019,867847.3835509799,100.04217656670703,99.99527023696692,874310.7804517017,100.04300581349636,873046.451927964,865875.4016986295
337,1548266087.36629,268749,1371,0.005101414330844022,2.6389999389648438,32,32,0.0,869747.8724827983,99.31289690908811,866120.1909299725,99.26130518356551,864800.6633429304,850797.7339934865,99.28346820337535,99.22455518056823,868631.524307506,99.30520570460786,866814.6027162105,861280.4411589738
338,1548266087.43301,267844,4220,0.015755439733576262,2.812000036239624,32,32,8.7890625e-05,927970.416846279,99.70006167401519,911942.1362611178,99.57170436164493,913964.9260665127,902963.6652903502,99.61369092877912,99.53329194405917,915726.8654600963,99.59968204657216,914601.1512453171,907486.9673878453
339,1548266087.49975,268575,3791,0.014115237829284186,2.7890000343322754,32,32,0.0,822095.4831037924,98.35549488811289,810247.8462267849,98.22199806660073,812790.810551087,801888.7503109755,98.27367313195927,98.21855624836915,818791.8332143335,98.32866612551291,814047.0016485495,803375.9957141161
340,1548266087.56647,268568,3074,0.01144589079860594,2.6589999198913574,32,32,0.0,962562.350720901,99.76834551637093,950096.6966821583,99.59168793507413,952662.6898248739,935641.0728858234,99.7041510444553,99.60101987522346,950787.7241723738,99.69242451219233,953743.8299577083,942360.1626964585
344,1548266087.80006,267392,1239,0.004633646481570129,2.680000066757202,32,32,0.0,1085281.93163134,100.76511332280322,1076776.2661191146,100.70731219440702,1082887.0139717313,1073475.8384363165,100.74673157780248,100.70226821224992,1071247.6130207223,100.61775074175432,1080344.8076048223,1072993.5395163526
345,1548266087.86681,268848,4480,0.016663691007558174,2.7669999599456787,32,32,4.2317708333333335e-05,847464.55163291,99.470900075263,828173.5723775361,99.33328239966173,836788.0046214939,824139.5799558727,99.38026439597559,99.29484482014519,833707.6506329401,99.38886707396593,838607.25184492,821560.1270759648
346,1548266087.93354,268556,3388,0.01261561834403253,2.7230000495910645,32,32,0.0,923843.3444518063,100.02035280756377,908650.3524528143,99.91218907625195,915940.5455697533,911020.2698656962,99.96697218914201,99.94222443822392,914700.0955371433,99.96288864390803,914022.6421159047,906318.7302272107
347,1548266088.00029,268688,3941,0.014667569820758649,2.7009999752044678,32,32,0.0,673247.8828154746,98.4213112317171,659649.0418665754,98.23737633688128,666282.7744114673,659429.1020671246,98.35840083253302,98.2847929294616,670751.7288746948,98.37938000170921,664500.2049070043,658936.3688126388
348,1548266088.06703,269110,1271,0.004722975734829623,2.9839999675750732,32,32,0.0,1092373.4001841808,101.14027728606976,1088486.7502027059,101.1171484319044,1089244.8697288218,1083013.8115179732,101.12258084315802,101.08120380156296,1088861.3802707887,101.12792083010063,1087891.1470387136,1079786.7932769286
351,1548266088.26721,269073,635,0.0023599543618274595,2.680000066757202,32,32,0.0,1027746.8821328945,100.86624344213315,1026431.5048224082,100.85137824316459,1026598.62781479,1020484.2386269169,100.86104547476907,100.81905053181464,1022434.7833435463,100.84988874068699,1025769.3495254428,1021596.8371051624
352,1548266088.33394,269345,2547,0.009456273552507008,2.618000030517578,32,32,0.0,842555.9571238023,99.27130281218233,832496.8620590711,99.18314256176049,836230.869538333,824506.5083821533,99.2320043481536,99.1110579951494,836062.3963869894,99.24357655071685,836321.3123199195,827704.1757470551
353,1548266088.40068,268750,2188,0.00814139534883721,2.690500020980835,32,32,0.0,815885.9465604422,99.83288918291333,798494.5666588865,99.71446140748304,811717.887218499,798293.4490338104,99.8002613884924,99.68661108290777,803458.7853575546,99.76382339510245,811130.9599569754,796969.8462294827
354,1548266088.46746,269725,5679,0.021054778014644546,2.6589999198913574,32,32,0.0,855404.7429070689,99.78677053665042,797557.7108055346,99.41767050996587,839771.2716448368,819546.3842597888,99.70477094629334,99.56343745810352,832175.5819050492,99.68343073936883,840852.7561735315,823381.1259716066
355,1548266088.53416,269103,4389,0.01630974013667629,2.7009999752044678,32,32,1.3020833333333334e-05,838135.2636613306,99.72136961245874,817946.2581230487,99.55600503687494,827528.396732383,818016.7913352073,99.64739193072543,99.57757708571161,826107.6046043927,99.64366452249274,826624.991313919,817836.5476332825
356,1548266088.60090,268611,3417,0.012720998023163609,2.6589999198913574,32,32,0.00015299479166666668,898950.5767731346,100.34437204284357,883725.8208135657,100.1878340701306,886036.1098678528,875496.6553194876,100.27953712241275,100.16247608467806,891434.7117543914,100.29375288398083,885814.2944087703,869133.6829425212
357,1548266088.66763,268709,2740,0.010196904457982428,2.559999942779541,32,32,0.0,881166.6751091543,100.25754053770922,822537.4063948325,99.90060229882012,875042.3200298045,864909.747911517,100.22513332897267,100.10826102996482,872002.5655486144,100.14415513716838,875700.6300451757,861427.5748262953
358,1548266088.73436,268647,4760,0.017718418593916926,2.7890000343322754,32,32,0.00028157552083333333,677784.6475189116,99.00009873403818,662775.6007116417,98.80526749708557,662684.9642137667,654664.579978088,98.86547418986912,98.7636808152554,652359.6412943543,98.84247391629219,665230.6760454965,646409.8626389779
359,1548266088.80114,268430,1054,0.0039265357821405954,3.0920000076293945,32,32,0.0,826248.1233376157,99.98616876494276,821572.8189932698,99.95639720923586,824295.9446269448,818244.6698043555,99.96347612900148,99.94375999522808,824012.2301332658,99.97172675125175,823838.0425091616,812381.0508005709
363,1548266089.06812,267794,585,0.002184514962993943,3.0369999408721924,32,32,0.0,905221.4206220532,100.84736911875308,904351.4855604796,100.84194166130496,904950.9101807532,898479.5447914317,100.84385551284288,100.82420844193999,898165.7115079353,100.82326095849638,904340.3297600148,899651.2702643097
364,1548266089.13485,267473,1951,0.007294194180347175,2.933000087738037,32,32,0.0,808349.9334865981,100.45952232341051,804117.5853763382,100.42951554525703,805378.5022583791,789101.352510905,100.43346299412168,100.32266263097449,798820.0494019007,100.4214346449914,802282.1446728436,792084.6032228568
365,1548266089.20157,267664,30844,0.11523402474744456,2.197999954223633,32,32,0.0314697265625,779280.9109653509,100.2564314979749,522791.0868774636,98.82739170828339,661254.3647442594,594243.2349158518,99.5547949401194,99.14169565007928,685995.7658272776,99.613538434219,662706.6663184647,630671.5798276823
366,1548266089.26826,268025,3952,0.014744893200261169,2.7230000495910645,32,32,1.6276041666666666e-05,757893.1105260097,99.98454682746717,729940.7105203009,99.81503483483846,744532.6128289255,730167.1571781721,99.90360498888172,99.80716105573096,750383.3250575204,99.92738842353091,744835.528292448,719723.9949081729
367,1548266089.33499,267688,30930,0.1155449627925047,2.2260000705718994,32,32,0.04184733072916667,662822.840851259,99.62713806888273,461623.5811670325,98.35920025739082,559916.9161457883,512147.6078476054,98.94430841767812,98.61551186859737,550864.3892354425,98.88539011186433,573713.4543239565,534861.9868713333
368,1548266089.40172,267944,3514,0.01311468067954498,2.6589999198913574,32,32,0.0,655274.8021154279,99.53538944324765,629538.1998176298,99.32945423225806,643931.194892491,633451.1695907187,99.4495335509341,99.36410566512896,649812.5388385043,99.47215055827195,644789.0913405501,639623.8017965978
369,1548266089.46848,268630,33515,0.12476268473364852,2.2709999084472656,32,32,0.031329752604166664,638387.7548176053,99.00084127288257,420932.28399169614,97.5335109834648,532180.7153110226,498517.44284807163,98.21002481028003,98.05529324712722,499824.0573144913,98.02244494331897,525225.336077845,501182.2715233186
370,1548266089.53522,268166,2133,0.007954028474899875,2.812000036239624,32,32,0.0,662124.968597105,99.39524965732372,650200.5541843935,99.28763284836643,655561.3808010094,648724.8716452471,99.35452295668769,99.30218768468106,656099.3133617743,99.33935979007387,654191.0672814099,647288.5414081486
371,1548266089.60196,268388,2636,0.00982160156191782,2.7009999752044678,32,32,0.0,580331.7810650866,98.38430138729998,568190.154662447,98.25670347491771,574360.3728456628,564262.1754457667,98.33659986716026,98.26474615123882,569534.1797940953,98.27236874228751,575408.3619646967,567274.2021400059
372,1548266089.66869,268603,3263,0.012148040044228843,2.74399995803833,32,32,0.0,628593.1363812903,98.63258326382206,609137.0516530696,98.45473516105741,620251.1807401921,611138.8011714189,98.5698751675858,98.53364425093869,618590.9569017715,98.52839872187147,620620.4272556853,612453.675504581
373,1548266089.73543,267444,3042,0.011374343787858393,2.680000066757202,32,32,0.0,707169.2749715486,100.09383047875822,692016.5241927812,99.95088578601373,698567.2296977001,692336.8297174833,100.03629990992988,99.94850751799548,698945.9284707587,100.03475707070196,698390.4288849144,688156.3749369322
375,1548266089.86885,266984,37902,0.14196356335960209,2.3489999771118164,32,32,0.0499560546875,792426.9200011374,100.5973061496993,493730.956864297,98.8870607190786,636364.1753231096,566776.2033272015,99.46651463593,99.21066012557854,654724.3114769196,99.47214124137113,639342.2794854121,575519.9679173284
376,1548266089.93558,267424,15324,0.057302261577120976,2.74399995803833,32,32,0.008494466145833334,783421.7657516206,100.53453041873489,692869.4536150886,100.02453132715203,722381.1597342154,692604.2972300055,100.1903913236225,99.791673165228,728160.6070152825,100.27855091124353,724748.2451832262,694152.706860653
377,1548266090.00232,267568,3868,0.014456138252705855,2.812000036239624,32,32,0.00025390625,688643.4185545043,99.9376283933745,672188.5832512799,99.78126202601065,679297.1152227456,667225.4824931619,99.8643855350479,99.76440864047282,681037.3499286863,99.88433431935815,680286.4872228669,669889.1626008226
378,1548266090.06908,267447,2866,0.010716141889794988,2.680000066757202,32,32,0.0,728118.9181998882,100.1095214537767,710709.128620538,99.96912960029633,721980.6814352479,710130.5533660202,100.06995021576412,100.00481213866618,720075.291803467,100.08158409749393,720890.5674877774,711063.8705549578
379,1548266090.13582,266707,3195,0.011979438109985864,2.812000036239624,32,32,0.0,819579.2307809985,100.61489992786547,805896.040592034,100.54594509537318,807281.6592905234,797013.8846972476,100.54415315469261,100.40673272899271,804496.9258850234,100.4872285920507,809651.6453825992,802537.0482357598
380,1548266090.20256,267364,3656,0.013674241857542527,3.0369999408721924,32,32,0.0,736438.0973650871,100.13050738250521,715607.6884528243,99.96839336085799,726760.8911565079,707297.8676923241,100.05063006708583,99.97755367505289,728179.3511473215,100.08862759640918,730174.6579301298,718161.2471004413
381,1548266090.23593,266467,3031,0.011374766856683942,3.0369999408721924,32,32,0.0,809911.9930441341,100.59487388137919,792883.3923129146,100.47066414992925,796888.1390500529,781868.0624386532,100.51318463418862,100.46243827092172,803725.3313989075,100.53654368887315,801989.1515537831,788217.8795550261
382,1548266090.30268,267187,2712,0.01015019443311239,3.0369999408721924,32,32,0.0,779664.8240564,100.23391132448656,770189.5482388916,100.1450464660079,772955.5343371814,753782.4486061481,100.18206940619334,100.1159768247041,774114.6832473916,100.18428741304346,772259.7019535478,757038.0817256587
383,1548266090.36942,267699,1092,0.004079208364618471,2.74399995803833,32,32,0.0,735484.507619875,99.61467899436461,726662.1811559449,99.56673371430817,731324.2848909267,724420.2141680114,99.58848263403978,99.52565984480279,728099.3696450145,99.57089846912042,732700.3488527648,722695.6503356221
384,1548266090.43615,267202,3784,0.014161570646926296,2.7230000495910645,32,32,0.0,777592.1557474998,100.11780580119505,762535.3003616132,99.97166329555787,767225.8384685153,751958.9769468665,100.05732403318284,99.98099813424908,760689.056907493,100.05502546046779,766701.0965234793,753312.6738881826
385,1548266090.50288,267661,636,0.0023761399680939698,3.119999885559082,32,32,0.0,714146.2916403079,99.56005601433122,713339.3739861394,99.55049681789322,713510.5311827537,710029.2402012903,99.55144314826862,99.53101041335815,712675.293805502,99.54992426012205,713539.863134949,709852.6828185213
386,1548266090.56962,267148,1652,0.0061838381720993605,2.882999897003174,32,32,0.0,782300.8714068836,100.19043814822686,773188.1527745686,100.12289775455572,776646.2659132297,766271.253647523,100.15613803847324,100.04746040086604,781292.5364962079,100.18019810124923,777189.9881283836,763995.4264817687
389,1548266090.76984,266276,1290,0.004844597335095915,2.618000030517578,32,32,0.0,807357.6859085961,100.49126015617244,783455.179510195,100.33483005016203,805200.0236115172,797403.1450021534,100.4715155339575,100.43173030834193,806114.0736303808,100.48232746854838,804300.5910770476,796110.3790074853
390,1548266090.83657,267839,1423,0.005312893193298959,2.74399995803833,32,32,0.0,742421.3237262417,99.98548230619724,729411.5145877877,99.90199005431339,738358.8579954415,732952.9527839298,99.95476835995066,99.90192530699025,742089.5053301177,99.9826141985589,740292.2129731554,731843.3015188697
391,1548266090.90332,268061,3206,0.011959964336475653,3.009999990463257,32,32,0.0,689228.7325285119,99.56940480606409,685957.2314363841,99.5321531260949,680747.0974857687,672240.117437091,99.50611438184487,99.43878246642656,679622.841891627,99.5087106032399,682768.8669407988,670854.4715209439
392,1548266090.97006,267352,3107,0.011621383045572878,2.6589999198913574,32,32,0.0,740081.8638786799,99.88181510369233,710358.3489900428,99.62882565244225,733262.291509459,723241.916663702,99.82603089745055,99.74330923063535,721372.700532367,99.72535830676063,731673.0899164923,721227.548827257
393,1548266091.03677,268219,2886,0.01075986414086996,2.7009999752044678,32,32,0.0,641890.6550688548,98.91654652162741,625518.5068118704,98.73921613871488,636570.5063343745,626550.7257901746,98.8658385294661,98.78549544281891,630793.221546213,98.81832177185629,634906.2359658945,627818.8928720643
394,1548266091.10351,266866,4309,0.016146680356433567,3.009999990463257,32,32,4.8828125e-06,820827.1846728349,100.27307262443439,799648.9750412934,100.13883417571728,807294.9790088212,796859.8210199004,100.18506923224948,100.1042853177961,800137.6517256411,100.19784337500593,809356.5463230422,793980.1713855034
395,1548266091.17026,267665,4092,0.01528776642444847,2.8350000381469727,32,32,7.649739583333334e-05,760265.1105984834,99.46091603290601,729853.3007240266,99.22502819226636,753458.6812005194,738139.3583055155,99.41702160416392,99.30809595063646,757683.7808256671,99.4473257144731,750350.5746703944,737296.920011
396,1548266091.23699,268100,59477,0.22184632599776202,2.38100004196167,32,32,0.10738606770833334,674709.7371223669,98.28949793316217,421288.3351475438,95.43016089764703,491148.92791634484,455800.20276121714,96.40232798347256,96.01972027060356,482228.2698108815,97.00701278564794,489884.976401235,468760.5825521388
397,1548266091.30375,267503,6169,0.0230614236102025,2.812000036239624,32,32,0.000625,799655.9416421768,99.67646303456014,759694.4060407727,99.31802355204444,781990.7347386036,773743.6869298192,99.55894226806461,99.43585350878934,785238.1332572246,99.50824159194175,782341.3603327718,770079.9137331913
398,1548266091.37049,267469,3707,0.01385955007870071,2.6589999198913574,32,32,0.0,882340.3658450795,100.36156837047751,836887.8700730702,100.03234824721999,875141.0803592452,857206.2321909762,100.30896539689743,100.19207898415985,876393.0774632163,100.32626306180637,875247.0270477,856394.7735054964
