frame,stem,n_removed,tex_gt,tex_null_med,tex_ratio,lam_all,lam_gt,n_plain,n_tex,lam_plain_med,lam_plain_q05,lam_tex_med,lam_tex_q05,loss_gt,loss_pred_at_tex_gt,loss_resid_sd
1,1548265882.54513,2052,20.55356216430664,9.78729248046875,2.1000253344142683,1839209.046847536,1832166.8281374134,32,32,1832981.6696079313,1804283.0396581232,1822258.8659126326,1806543.9599862916,0.0038289387072085734,0.008733506290333402,0.006455990668756461
2,1548265882.57849,4743,12.891927719116211,10.116600513458252,1.274333972362149,1496384.7681277315,1485608.7492619273,32,32,1482441.794847309,1438229.655614723,1485160.0565206264,1431309.4803215666,0.00720136898966639,0.01538040170909896,0.013972117891558769
3,1548265882.63875,9724,70.25827026367188,33.3226318359375,2.1084250070518245,1858985.330496647,1802131.4011869987,32,31,1817267.0761005012,1795287.49261511,1809765.1997772271,1795596.4044761448,0.03058331250761359,0.03460800592914154,0.00692358176132028
4,1548265882.67210,7995,42.07416915893555,20.915363311767578,2.011639412224,1505318.9705516568,1471279.8400977098,32,32,1473298.5048783992,1437823.014272274,1468362.7444341928,1442352.1378486427,0.02261256990700955,0.030762164419926706,0.011010829552312779
5,1548265882.73881,3459,40.84210968017578,18.17473602294922,2.247191355550061,2054957.4083608957,2037851.4817045126,32,32,2031581.9171244828,2014049.9134872458,2023360.288304367,2003607.1025651805,0.008324224427613491,0.016051441773148593,0.007382188588146716
6,1548265882.77217,5912,49.60115432739258,30.95524024963379,1.6023508112807936,2146921.0842525084,2128612.0373995705,32,32,2121626.041003705,2017131.5056234843,2099997.0294954744,1894227.152700837,0.008528048369934593,0.02634812050584931,0.0183308469143017
7,1548265882.83890,5377,54.95824432373047,25.796401977539062,2.1304616190886865,2269811.7199656693,2239369.7116070664,32,32,2255687.1692747213,2239423.953718195,2243593.50505548,2230950.065820915,0.013411688771729158,0.010428500874263186,0.00219115423872595
8,1548265882.87227,3081,42.22137451171875,16.16733741760254,2.611523061660686,2222257.3562674806,2202975.772843626,32,32,2204642.581412649,2187772.03894921,2199752.885282424,2195643.0967185237,0.00867657536129851,0.010897356543147944,0.004247575965201976
9,1548265882.93898,2345,39.42670822143555,17.043746948242188,2.313265289678678,2364422.037715902,2306917.5496709817,32,27,2341885.4682712285,2317584.99810697,2329537.7876899564,2311553.5048660953,0.024320737638053536,0.014821446352549665,0.0047460657750589
10,1548265882.97235,7940,65.76045227050781,44.703895568847656,1.471022859053331,2119028.5752348895,2085879.3304856685,32,32,2076655.0776675995,2049693.993815482,2078779.3562738644,2059555.0608191758,0.01564360440280821,0.020463117750334422,0.007441160960064552
11,1548265883.00572,7262,42.19451904296875,34.891876220703125,1.2092934978925725,1839436.7818637826,1804475.5902927925,32,32,1805970.9105435256,1788447.5600160246,1805079.9133307692,1789109.4093332067,0.01900646541142126,0.019510159551156536,0.005226144284577884
12,1548265883.07245,7222,74.2375717163086,44.46803665161133,1.6694591735166826,2249819.016543808,2225251.089655182,32,32,2213735.709893436,2178176.420566723,2201173.5067451377,2151228.6608144664,0.01091995698674797,0.023070216699378615,0.008043901357652162
13,1548265883.10583,5035,63.35106658935547,29.90022373199463,2.118748914964368,2239695.1452260017,2228101.7355034566,32,32,2203347.4775978243,2069242.7874515054,2181005.864727501,2012563.0270676345,0.0051763338181345375,0.03453062572996157,0.02448541952542516
16,1548265883.27269,1042,16.493858337402344,6.499593019485474,2.537675557216357,2262883.060283104,2249543.396929695,32,29,2258157.9583358997,2231998.9191759764,2243143.5103660184,2207916.424545299,0.005894985731936253,0.007814468933100132,0.004905148281001299
18,1548265883.37280,1354,18.35095977783203,7.574577569961548,2.4227040529106616,2172055.241029946,2128059.305793307,32,32,2155188.5036302437,2135921.365675995,2157611.3369696713,2109230.355121482,0.020255440287870963,0.01098583337687871,0.0046585166668904904
19,1548265883.40617,929,26.849544525146484,7.022885799407959,3.8231498122053966,2269745.887344969,2264071.882847924,32,4,2262900.6523932507,2233041.3207177334,2254743.084684627,nan,0.0024998412944289283,0.019176003414660314,0.007669060554935733
20,1548265883.47291,3179,33.06722640991211,15.625862121582031,2.1161857280335608,2119734.847145487,2100288.2793568345,32,32,2096363.9568454796,2076173.6689433362,2087015.8085195748,2075533.4543071843,0.009174056752824566,0.015532595547068238,0.005295595864993285
21,1548265883.50628,2833,52.1201286315918,15.741668701171875,3.3109659224191246,2354802.183154878,2313745.338306702,32,20,2333706.143849674,2317709.77532929,2314367.4137296514,2299180.8272980596,0.017435368941763785,0.015967674854575255,0.0034173268845627187
22,1548265883.53965,5858,44.26018524169922,26.616422653198242,1.6628900817511212,2178666.607725177,2153931.5959683084,32,32,2144174.2609365545,2102372.2480179365,2135720.2709119953,2095929.9904357835,0.011353279877316935,0.019186166079036112,0.009097173429905911
23,1548265883.60637,5090,38.618125915527344,23.73835849761963,1.6268237721407648,2134093.1015165597,2102562.980614004,32,32,2086762.4495213358,2043585.2532585708,2092658.5014306805,2049010.5986483558,0.014774482369184883,0.022347931875006076,0.011182776884782754
24,1548265883.63974,41752,206.90867614746094,176.87914276123047,1.1697743041799304,1811819.3700364935,1200307.1545394715,32,32,1461764.9541984724,1312852.374591598,1435634.1178970719,1243176.978835343,0.33751279272652057,0.23794699224208424,0.03999901824365709
25,1548265883.70648,5554,37.24546813964844,23.738226890563965,1.5690080102172101,2060930.4996467654,2041377.9881483254,32,32,2020759.4178941352,1972484.9726077288,2006484.772094712,1963810.7798463614,0.009487225067410732,0.028049861010318783,0.008757352218109438
26,1548265883.73985,6896,48.37532424926758,16.762643814086914,2.885900624376099,1594068.780702543,1563661.8048898021,32,6,1560009.8917055987,1533310.0118970752,1554251.7747788215,nan,0.019075071402715582,0.03469007152064058,0.008006734603149754
27,1548265883.80658,6106,61.03227233886719,23.16211700439453,2.6350040597449524,2077512.8743505846,2053404.6085412547,32,23,2028952.4569244175,1987563.0303806516,1997944.908930723,1969081.671716083,0.011604388163835577,0.04442621932494462,0.009689674049991258
28,1548265883.83995,6314,80.981201171875,26.36727809906006,3.0712764839675213,2184450.6508731176,2147154.3157759598,32,18,2144213.5500483117,2109067.470737169,2130630.703807853,2100097.409387295,0.01707355351893647,0.04556469635563119,0.004883214402700973
29,1548265883.90669,4151,67.34611511230469,19.9527645111084,3.375277399520791,2230596.9547266024,2194065.8766756156,32,3,2201505.2632867773,2174159.0069643706,2198836.203660007,nan,0.016377265275816844,0.033784153979966855,0.005881280498511845
30,1548265883.94007,5950,50.21330261230469,30.673444747924805,1.6370284793559693,2096384.9962390019,2067938.8589085294,32,32,2049100.3777727904,2002334.087238798,2016155.1253463724,1962859.9810887373,0.013569138007334502,0.04027961716145764,0.0064705956696391
31,1548265883.97343,7466,59.634979248046875,24.296170234680176,2.454501210356369,1632902.3375094843,1609287.273013104,32,6,1595575.4160599858,1568586.119884972,1603288.3701172892,nan,0.014462018918043884,0.02884036470372272,0.008769923441912245
32,1548265884.04016,4202,61.213260650634766,20.604202270507812,2.9709114600497513,2003302.3107553292,1985646.345718779,32,12,1982330.721443637,1888310.3152663913,1990650.5555068762,1927027.3305011764,0.008813430175644954,0.029997474535464617,0.01493869754398215
33,1548265884.07352,3565,73.36874389648438,12.720621585845947,5.7677011615627904,2008872.3926792373,1970278.6517260554,32,4,1983718.2973185065,1940121.1270914949,1976858.0468590606,nan,0.019211643852454663,0.06043034026770481,0.007937477446891774
34,1548265884.14025,829,2.7197656631469727,1.8445253372192383,1.474507076843534,1730825.1162810873,1719700.3764682147,32,32,1729792.7650033655,1709388.9299439092,1729710.539047035,1722730.0149027463,0.006427419909861065,0.002976251986383182,0.004992063163742934
35,1548265884.17362,912,6.0240607261657715,1.5070629119873047,3.9972191460952877,1945876.082578932,1941927.7897715059,32,32,1944409.0717932447,1922390.9859566875,1943822.9297497417,1928929.1728355498,0.0020290566510243746,0.004140526563254288,0.0047859465686077496
36,1548265884.24037,2212,57.67256546020508,7.377769470214844,7.817073397730551,1680141.6560086694,1676825.8637958304,32,6,1674695.0806422187,1634287.9050536165,1677080.4383594035,nan,0.001973519435686133,0.020993686947238323,0.010194299858366477
38,1548265884.34047,2894,18.9666748046875,6.185352563858032,3.066385401458391,1583241.2834132144,1578339.0537427298,32,32,1578843.4292784417,1517704.4988481067,1565096.0556741771,1510236.316399686,0.0030963250654481023,0.03209242121489081,0.012780836650187798
39,1548265884.37384,4065,65.1828384399414,20.19321632385254,3.2279572206110836,1592990.416058619,1568738.240090162,32,10,1563523.5983426762,1453498.2978760845,1568550.3327653357,1350638.395832443,0.015224307518724278,0.11618164885186644,0.020577632132316538
40,1548265884.44057,2551,19.521982192993164,7.254939317703247,2.6908539600539885,1561036.368348174,1529017.4153664035,32,32,1548920.7772215055,1533478.7968985985,1536196.6271122028,1512686.5771359506,0.0205113433812254,0.010447437377124346,0.00399946548267572
41,1548265884.47394,73929,453.6789245605469,384.85101318359375,1.1788430042254265,1654399.3181591542,290921.77452840505,32,32,664377.080220326,459722.26600724267,653791.8251760025,459722.26600724267,0.8241526266753344,0.6751661117573071,0.0542704116727165
42,1548265884.50730,66510,395.7005615234375,330.62413024902344,1.196829043377442,1732727.2151492005,380728.4649997258,32,32,851513.8425369223,657649.8116484982,851513.8425369223,658179.6664561981,0.780272127273685,0.5095060894181396,0.07182643618674017
43,1548265884.57401,11857,70.1257095336914,59.55577278137207,1.177479633941135,1744536.8271827116,1662392.8902685272,32,32,1677879.3242823826,1643012.034797445,1673285.4307196443,1647204.6219442224,0.04708638742057414,0.04086649845834328,0.010540803209285587
44,1548265884.60738,12700,103.33740997314453,68.91626739501953,1.499463245460281,1659203.865733431,1584845.2698484347,32,32,1605835.7561360793,1576445.031510577,1585954.5712791728,1567846.3978565303,0.04481582849502763,0.04363992320410762,0.009336075567971457
45,1548265884.67411,13390,99.93086242675781,53.82596778869629,1.8565548662135485,1694329.7822786719,1665083.6126078046,32,32,1665269.959952407,1644129.651438803,1657084.3373467678,1602208.5915727224,0.017261202616372984,0.024043047504583977,0.008348591921509491
46,1548265884.70748,14614,111.40740203857422,74.23030471801758,1.5008344969319898,1641719.1683449543,1616539.81949978,32,32,1612122.938810111,1586236.4448388924,1610088.483760792,1563544.8852246823,0.015337183929306275,0.022911083985727984,0.009479341801046948
47,1548265884.77422,9027,83.30718994140625,36.455284118652344,2.285188332924887,1666208.7679997156,1644621.731574746,32,26,1644701.0858249622,1636224.2136109972,1643239.302898135,1637287.9424239222,0.012955781315978077,0.020692541463149694,0.004557696251137571
48,1548265884.80760,11619,77.55664825439453,35.51590919494629,2.1837156928374624,1489839.737245921,1466524.587189947,32,32,1470478.2762718466,1459971.08684986,1463382.7524328392,1456712.523556346,0.015649434951355068,0.019953366601941455,0.003185822245780498
49,1548265884.87434,8709,98.58833312988281,22.427879333496094,4.395793809298809,1588830.1847591912,1563599.2534654832,32,23,1575235.2262021324,1564006.4362213872,1567097.3660143157,1559108.8053621964,0.015880193827971678,0.02671199440070802,0.0022482998735082597
50,1548265884.90771,10131,73.30936431884766,18.12173366546631,4.045383608001573,1725243.8585226606,1687660.7143557854,32,32,1708975.4960747808,1692623.478464407,1698148.9275118099,1690517.6200082828,0.021784250372036018,0.0193367534307875,0.008977708025600252
51,1548265884.97445,4604,31.818376541137695,13.506560325622559,2.355771993316225,1776415.2190533394,1768614.164975054,32,32,1770178.4684791863,1767465.4977436345,1767543.304092276,1764212.3982128804,0.004391458705494844,0.0041818731709422265,0.0010683625808283266
52,1548265885.00782,4138,51.23634719848633,16.175588607788086,3.1675105271790533,1744844.8641446682,1715355.443162067,32,6,1727040.014640483,1706557.5355298189,1717673.6850954476,nan,0.016900884192393217,0.019281810111367825,0.006870102044451479
53,1548265885.04121,3454,59.95595932006836,13.644488334655762,4.394152264968827,1729057.189737943,1698663.6869431606,32,0,1718348.6327474834,1702553.5222658957,nan,nan,0.017578078374254846,0.030165690565050477,0.008129664453585372
54,1548265885.10795,6149,41.00719451904297,23.245960235595703,1.7640568126005018,1653171.6246505152,1590890.5394238639,32,32,1636871.4970996978,1587746.721058251,1613820.1364280302,1542605.3598487955,0.037673696002263335,0.026208476225131103,0.008338349239496019
55,1548265885.14132,4186,25.655075073242188,13.334574699401855,1.9239515058843975,1761307.032783097,1712228.978045687,32,32,1752177.7309238976,1700832.9913437825,1738978.116538465,1659177.0167144774,0.027864565248376993,0.015372253156009706,0.01031015558979331
56,1548265885.20808,5571,51.93727111816406,19.349364280700684,2.684184884046397,1722908.8563371054,1701196.33020391,32,8,1710545.9360958203,1663942.3039216094,1700469.691151679,1656765.109091682,0.012602248838256114,0.03422674704243713,0.009113052271941476
57,1548265885.24145,5811,36.513545989990234,16.68729829788208,2.188104109975937,1826661.0499874195,1812240.25840802,32,32,1817725.6506364048,1794137.8706671488,1808299.6069569532,1779394.510687805,0.0078946182048929,0.012797680840380202,0.004817409199080003
58,1548265885.30818,1812,29.670934677124023,9.766002655029297,3.0381862185798285,1801481.3374564282,1794059.7843030596,32,10,1798514.7504642657,1795135.2358325063,1795334.2522648848,1793850.4222854134,0.004119694719595279,0.0039759927721781715,0.0011730888035781683
59,1548265885.34155,5467,43.123321533203125,14.13725471496582,3.0503320766762734,1530973.2577273175,1506930.7644332284,32,13,1520041.6000803905,1482798.0731341965,1514128.6257934528,1465233.1759129742,0.015704058299345736,0.038288576949880346,0.006973058670665103
60,1548265885.40828,4143,41.2667236328125,9.77786922454834,4.22042090000633,1570493.604825633,1544964.0560334981,32,4,1563143.7550621817,1552731.6065823375,1550776.7620281894,nan,0.01625574832886345,0.02418532988913197,0.0023514963247761103
61,1548265885.44166,6795,32.95888137817383,12.83845853805542,2.5671992693264523,1313087.3753939457,1295133.522697846,32,32,1302918.3887194148,1281706.0934186035,1282256.3906265271,1240913.198573759,0.013673006863471948,0.025633479372865513,0.007213006730072648
62,1548265885.47504,4838,44.6532096862793,17.242088317871094,2.5897796637543666,1436455.2788978934,1416306.5223922008,32,11,1428792.8755726921,1418919.647834672,1422899.709105699,1415308.674057446,0.014026720359266331,0.014823347747990583,0.0028342419193135037
63,1548265885.54178,3420,27.3137264251709,11.047692775726318,2.4723466681825053,1432288.455634312,1417079.3662313146,32,32,1425849.1701493668,1375287.2851527713,1413721.2427466828,1308392.8672445044,0.010618733498247601,0.028839906757321412,0.01342035664960686
64,1548265885.57515,3408,29.318313598632812,5.409562587738037,5.419719824499159,1372369.4526677886,1358998.626389001,32,11,1367008.0467893635,1346610.6934557578,1353732.36540672,1270610.0027940131,0.009742876637770959,0.01780732450040129,0.005315547282652319
66,1548265885.67525,2357,35.50390625,6.960683107376099,5.1006353402839455,1443251.8446543566,1420280.3122708017,32,3,1441046.1146460404,1426212.734483115,1428742.611164113,nan,0.015916509976161675,0.012852684209705976,0.0033340885030071067
67,1548265885.74197,1457,16.987590789794922,2.7637163400650024,6.1466477378772435,1386518.7402407038,1371591.2886434968,32,3,1385084.7278016945,1380578.4660274147,1382719.7300185598,nan,0.010766137639521278,0.003528387881046033,0.0015658992964006733
68,1548265885.77535,3860,31.87694549560547,4.933893442153931,6.4608094741684035,1305783.0592585094,1276062.2445615218,32,13,1303008.198963842,1291565.0766612624,1245045.0710992853,1187801.575420916,0.022760913067645938,0.015848557838108488,0.002893790092231136
69,1548265885.84208,6022,27.33308982849121,8.86632776260376,3.0827971354472403,1457014.9224782945,1424212.3224040738,32,17,1452156.8788297535,1442378.7770800265,1431839.4940740275,1416978.007737674,0.022513564938940633,0.015072800364249905,0.0029953730045797432
70,1548265885.87545,4692,38.2461051940918,16.325570106506348,2.34271176715901,1437436.0728997895,1413557.2707770055,32,32,1421903.0018100196,1397933.2111078145,1411308.711602202,1392065.9588570378,0.01661207936337128,0.023489668889945865,0.0088158624801226
71,1548265885.94219,5582,31.510011672973633,13.579933166503906,2.3203362849160283,1407082.6843481488,1376478.8034790675,32,32,1396264.4238552945,1382959.251896026,1386693.0457806275,1375411.8016670374,0.021749880948367273,0.01688495081867921,0.004215272793347229
72,1548265885.97556,6101,47.235904693603516,15.931805610656738,2.964880808111766,1371777.8065987823,1351647.4555472103,32,16,1357713.1853515026,1341992.6347934469,1348911.8779489081,1335317.3600533644,0.014674644067528497,0.013595722772468902,0.006483165387088358
73,1548265886.00893,2381,16.159955978393555,8.739810943603516,1.8490052110590205,1398357.8939362355,1388465.7559226863,32,32,1389781.6863970184,1364256.9767257532,1385138.7399340938,1358407.7317681636,0.007074110323576632,0.0122734399997861,0.007126883502982723
74,1548265886.07567,2084,13.819997787475586,8.26588773727417,1.6719314641978174,1360182.447502532,1352059.4395141592,32,32,1352686.1871212262,1337460.2184860636,1350631.1937244167,1335855.0753276371,0.00597199883242705,0.009973312119495974,0.004468750180376632
75,1548265886.10904,509,15.077760696411133,0.9761805832386017,15.44566748745275,1239720.4715611292,1237273.7677760166,32,2,1239223.7524855244,1234742.0704852156,1237983.3924852735,nan,0.0019735931133181284,0.002653730663992689,0.001604714432102231
76,1548265886.17578,4258,36.132781982421875,21.03199863433838,1.7179908866782092,1166226.6234126505,1136988.8739353153,32,32,1144530.858792853,1114070.2127956497,1140982.2357775434,1111366.1939335454,0.02507038416922669,0.028577337542390988,0.015288337735500632
77,1548265886.20914,1124,13.241586685180664,3.566744327545166,3.7125135611540365,1224019.568901561,1202345.9597237664,32,24,1218757.9522641487,1192407.5920419134,1215430.6426557475,1148467.0156156302,0.01770691394847923,0.024318407048675786,0.010887286313083007
78,1548265886.27588,5747,40.22689437866211,19.69459819793701,2.0425344033104382,1215390.4373314902,1195600.2909946716,32,32,1191645.4706498138,1121800.665717908,1180334.3545394177,1096963.0389429482,0.016282953797357336,0.035787148224047355,0.021771315756950446
79,1548265886.30925,5232,72.84496307373047,19.772363662719727,3.6841808251320876,1069652.9268308622,1028512.3807876466,32,0,1041830.0571563652,953648.2706001579,nan,nan,0.038461584137488014,0.10049675841369349,0.03077830626248983
80,1548265886.37597,4485,43.40265655517578,16.736342430114746,2.5933179090001572,1143148.9986739075,1122198.9234845478,32,28,1128247.9845358245,1034059.0410055459,1111103.437381146,1087006.6094703097,0.018326635647376244,0.05173403404036924,0.033114592807866466
81,1548265886.40934,6714,52.95012664794922,23.34027671813965,2.268616061728065,1128749.9086850265,1100250.8575336346,32,32,1119315.9933017667,1079975.9220196737,1091474.408666618,1002659.8824725955,0.0252483308588638,0.040151682228707505,0.020507672701358295
82,1548265886.44273,4637,64.82671356201172,19.473471641540527,3.3289756831917074,1160207.6578397267,1131582.3345170969,32,1,1148462.1753664268,1075855.8275609824,1131298.832348099,nan,0.024672586091983972,0.06835503486657285,0.026108580209577875
83,1548265886.50947,4919,47.180145263671875,17.88670539855957,2.6377213809017803,1252717.8469314356,1217691.6807968367,32,15,1226792.2813109737,1191699.517583753,1212129.345444271,1153610.8127962179,0.02796013980354506,0.03870586421092925,0.014379569238833932
84,1548265886.54283,10766,63.07752227783203,38.28095054626465,1.647752246945889,1141761.570919757,1106695.297312931,32,32,1099378.151378166,1013433.2345896608,1072877.3861830411,990215.3258806325,0.030712431123932515,0.07576394231511373,0.02394529200786831
85,1548265886.60956,7799,65.80682373046875,30.613988876342773,2.149567114441645,1255993.8703334618,1210046.8792656632,32,32,1218961.964526255,1199161.396971019,1214183.9929193698,1195002.940728344,0.03658217779008732,0.04435884486760952,0.009366918598556498
86,1548265886.64293,9574,75.13563537597656,30.190669059753418,2.4887038848747602,1227949.342098552,1171500.7562780667,32,14,1182230.64655449,1136877.564580329,1095016.4901858177,1012773.7706659028,0.04596980012548024,0.1068663306868124,0.017442093609886012
87,1548265886.70967,4269,40.844825744628906,16.98638343811035,2.4045628013429963,1384409.530379786,1347028.1761907963,32,32,1363915.692739246,1288383.4574327378,1355839.7394116402,1321924.381161151,0.027001659096304254,0.031645979519841605,0.018411547775234266
88,1548265886.74303,3989,44.600242614746094,12.93651819229126,3.4476233830307543,1413886.2393951037,1360309.2336097918,32,21,1397894.9962613727,1354517.8506300235,1338214.7254967003,1331537.4827093785,0.03789343462896522,0.05132396658936922,0.007799573934052842
89,1548265886.80976,1722,22.432031631469727,6.630916118621826,3.3829460711278028,1499689.7727047512,1489730.7362063688,32,19,1495063.5013996288,1485401.1884734451,1487664.2011233014,1476446.1793706638,0.006640731089617935,0.010935072444908982,0.001891926831607268
90,1548265886.84313,1363,7.356841087341309,2.413821816444397,3.047797910028864,1383324.258838787,1367943.4582674894,32,32,1379643.4871388075,1367484.1303473504,1377965.1398235075,1352091.163636641,0.011118723952841525,0.006050390002633695,0.004033770976525718
91,1548265886.90987,4027,49.71241760253906,14.401912212371826,3.4517928501073687,1522325.106002391,1458253.8848723704,32,30,1507509.8475853824,1442858.008461941,1480223.2011928498,1453254.3631272158,0.04208773860287374,0.05202562588927451,0.012873478430391458
92,1548265886.94324,3933,23.354883193969727,16.1055965423584,1.450109788392215,1398202.775905567,1370411.7104313108,32,32,1372193.9508576014,1342930.460811677,1369310.4817037187,1352698.577646133,0.0198762768556634,0.023321775943837424,0.011757224299073873
93,1548265886.97661,2968,43.489532470703125,14.52901029586792,2.9932893972187244,1507747.351499243,1466715.42388156,32,8,1486140.8756361632,1448029.8516438433,1483350.4671008238,1450507.332068606,0.027214060483596536,0.022595439173323364,0.013288195984328443
95,1548265887.07671,5379,94.76899719238281,23.58089828491211,4.018888341205363,1427009.4734466563,1363011.0787072966,32,6,1393252.8055910927,1305395.7331739254,1378227.419978967,nan,0.04484791161531976,0.06704704663288147,0.025051279445767557
96,1548265887.14345,76932,562.5250854492188,449.34938049316406,1.2518657193470337,1360637.4043271106,213685.88971611683,32,32,607211.4727360541,457765.90604515356,594793.8164385603,418079.3590815842,0.8429516276441091,0.755374406743366,0.023022565040749093
97,1548265887.17682,4189,58.90497970581055,28.700173377990723,2.0524259184783515,1212881.4392477537,1182168.704736997,32,32,1180967.7689323416,1130901.497694914,1180061.9256064878,1145545.537758389,0.025322124254622325,0.030200807079256646,0.015476184839811662
98,1548265887.24356,69788,373.6711730957031,324.1742401123047,1.1526862003786946,1138519.4869905252,253492.02397171856,32,32,562097.9871458979,420743.70719842403,560893.6609626134,420743.70719842403,0.7773494201300147,0.6157359878974441,0.04857014322362711
99,1548265887.27692,5269,78.26657104492188,34.586015701293945,2.262954244885563,1160704.5704150356,1118326.6498533145,32,32,1134388.1348774873,1104783.2051943238,1120147.7768344372,1102578.3467858362,0.03651051408074313,0.04509152900152189,0.01386523557888742
100,1548265887.34367,67238,374.4455261230469,324.1365509033203,1.1552092014292215,1126488.7555765277,248917.38830818137,32,32,555484.798446968,353090.3403191898,542239.6010795354,353090.3403191898,0.7790325140167178,0.5984918176619638,0.06496601142158655
101,1548265887.37703,7024,61.213653564453125,33.94638633728027,1.80324506285453,1057444.4179582933,1036538.1690943773,32,32,1046989.4577263757,1034734.7949235877,1045300.3725467195,1029305.1390163173,0.019770541608495784,0.010553640305351823,0.007247774855414269
102,1548265887.44376,4890,84.82707977294922,30.164878845214844,2.8121140551640447,1156368.8568661162,1104382.6572610638,32,11,1139076.8846102343,1092229.8599105894,1108617.4596692405,1083998.8794806655,0.04495641619572888,0.05716982473550392,0.023382981464737936
103,1548265887.47713,70134,364.1274108886719,326.8878936767578,1.1139213716147538,1160022.3673333717,268530.15466736455,32,32,592697.1836716181,416694.8671355847,556774.3862591125,383051.5580019445,0.7685129509315803,0.5771452037847348,0.05367773596087731
104,1548265887.51050,79458,449.9932861328125,382.3388671875,1.1769488397634829,1229589.264481482,226738.45642675253,32,32,546711.1449713297,323636.68444741186,546711.1449713297,323636.68444741186,0.8155982139919153,0.6486897542777863,0.06451697491854054
105,1548265887.57724,5476,77.85562896728516,40.889766693115234,1.9040370064130008,1156903.672354105,1098483.9568791455,32,32,1134960.4356172131,1091859.8350249492,1121500.831743048,1085921.8909747389,0.05049661166351482,0.043933065964622146,0.012123162560247524
106,1548265887.61061,1640,15.362531661987305,6.90007209777832,2.2264306001865863,1186722.5061140596,1169312.1389112887,32,32,1182814.3878962998,1173191.3055050918,1179622.1832514121,1172004.2217407182,0.014670967402296453,0.006739035497908779,0.002775136510369955
107,1548265887.67735,757,9.315849304199219,1.272489607334137,7.320962977226905,1082682.8690042952,1068056.3652639133,32,30,1082401.540260842,1076726.2142340038,1076091.1740825835,1052540.7081501698,0.013509499558105542,0.0022951794515699447,0.0031071270881477034
108,1548265887.71072,956,16.596027374267578,5.8002893924713135,2.8612412676872583,1187292.6491056804,1168494.8199226663,32,32,1185691.2771840729,1151653.163669885,1178737.901640575,1148784.6172747135,0.015832515426734473,0.008201459849209523,0.009444800007925273
109,1548265887.77746,1526,28.568073272705078,5.029391527175903,5.680224559639043,1207278.0990978125,1173181.2912133757,32,27,1205943.6942241183,1179250.894999921,1188200.353026165,1133481.3847369286,0.028242712188614183,0.010154480962303931,0.009402449087826264
110,1548265887.81083,1390,27.486705780029297,1.8194851875305176,15.106858779837289,1241827.922121258,1211242.9445144893,32,22,1239768.0600765613,1230517.149012927,1224609.6644526708,1210772.885107834,0.024628998158234605,0.007062615509823773,0.0034389859806600504
111,1548265887.87756,76425,475.77593994140625,445.19482421875,1.0686915347147656,1217358.275507636,237030.13285148042,32,32,535865.1602791457,346143.0597092004,527750.419005669,346143.0597092004,0.8052913939796078,0.5944653350338811,0.07625314888684895
112,1548265887.91093,2617,43.932525634765625,8.046865463256836,5.45958247163047,1218125.4559489402,1174995.4143347403,32,26,1213486.4626610847,1183738.8804261943,1198102.6573512396,1180136.006297388,0.035406896230241736,0.02526900078925257,0.009064310732529106
113,1548265887.94430,4671,59.81873321533203,22.85273838043213,2.6175739738285535,1244650.5544728027,1189528.0831721066,32,10,1233431.3251611984,1219785.5487061949,1206616.0745835062,1195902.7578551006,0.0442875079295203,0.025723434783545114,0.0041857911884775455
114,1548265888.01104,79595,470.81390380859375,445.19073486328125,1.0575554856351208,1194232.5483178017,219256.87588478753,32,32,507704.5366668754,323159.7660382379,507704.5366668754,323159.7660382379,0.8164035336387094,0.6121606977468252,0.06333790417928543
115,1548265888.04442,75583,322.7906799316406,325.81825256347656,0.9907077869087579,1118991.6599894434,254740.6344693983,32,32,470875.6771650207,302649.4013115048,470875.6771650207,302649.4013115048,0.7723480490714278,0.5873974672797787,0.07606536101309261
116,1548265888.14451,78410,376.9163513183594,340.9634704589844,1.1054449639751067,1128130.7688826104,161426.0635600321,32,32,468540.5407874501,398597.3031377793,468540.5407874501,398597.3031377793,0.8569083762160647,0.610461583583627,0.04850976796397885
117,1548265888.17789,78360,366.3804016113281,323.00917053222656,1.1342724449824078,1120290.5528387718,194981.02056438362,32,32,465974.79502659594,329339.53451151424,465974.79502659594,329339.53451151424,0.8259549542122716,0.5962325428687872,0.07858645081696487
118,1548265888.24461,1685,12.185491561889648,4.5896406173706055,2.6549990680687956,1122127.977462113,1106320.5266815275,32,32,1117601.094973207,1095294.2484416743,1112353.0192019711,1092591.7823640807,0.014087030265778289,0.010848651248600162,0.007172057530104522
119,1548265888.27798,81039,404.83697509765625,366.0316619873047,1.1060162743836555,1111405.509640737,169629.5016475336,32,32,386649.0689075873,233889.1610287347,386649.0689075873,233889.1610287347,0.8473738881298452,0.6840536300916322,0.07631459248180286
120,1548265888.34474,2475,14.149428367614746,7.531035661697388,1.8788157437068447,994117.1068840496,988062.7325628935,32,32,989391.4094521722,894510.6286220023,986325.1139425011,929508.879691191,0.006090202330521044,0.03402689025959372,0.024919440528669276
121,1548265888.37811,80538,370.69415283203125,335.5368347167969,1.1047793102802206,1102032.0619970602,139388.7541838059,32,32,389262.09967568854,207341.85808558736,389262.09967568854,207341.85808558736,0.8735166071927064,0.6928847413666384,0.06577220122896957
122,1548265888.44485,1811,16.8250732421875,6.270167827606201,2.6833529348465475,1085369.0867038518,1076659.7724089404,32,32,1082704.8361968044,1064976.8041052427,1062039.1213057195,1032594.1774123233,0.008024288144561686,0.012839049917824924,0.005566020543550475
123,1548265888.47820,63373,276.4365234375,240.66363525390625,1.1486426819151654,1244523.7493468185,225220.7060369304,32,32,457280.8511209352,239701.37185184416,449731.3263611753,239701.37185184416,0.819030608170285,0.7165551652911398,0.06699385566198267
124,1548265888.51153,62717,216.82562255859375,213.10091400146484,1.0174786137102316,1146381.4979581842,233012.18821644143,32,32,541517.5745361818,339910.4754412262,541517.5745361818,339910.4754412262,0.7967411471386632,0.5161944582696358,0.10563283464144106
125,1548265888.57826,51785,241.60523986816406,230.57984161376953,1.047815967680568,1282849.0620968542,246604.05633670275,32,32,673606.132097649,407703.1430173979,673606.132097649,407703.1430173979,0.8077684556797187,0.5256186827437381,0.09501660807986495
126,1548265888.61163,82308,314.5627746582031,305.08648681640625,1.031060988445219,1308129.929484025,174459.77040525936,32,32,434182.1433869229,328045.6024653135,434182.1433869229,328045.6024653135,0.8666342184571277,0.6589574512971077,0.07256182067087205
127,1548265888.67836,40564,289.831298828125,186.4638671875,1.5543563651218453,1445021.5814833657,246462.56679269928,32,32,1084295.410169925,501397.7192309543,537925.0296809268,470762.4637145646,0.8294402173982088,0.9079953909950652,0.07640842411507094
128,1548265888.71173,46304,381.62371826171875,258.17559814453125,1.4781556467938501,1457095.9403706542,199041.28653540855,32,32,810112.7608421668,480573.78968005656,507521.2748131603,421288.8088969864,0.8633986403909844,0.801512571578884,0.059427647936201485
129,1548265888.77848,48040,369.6475830078125,255.67027282714844,1.4457980543468225,1492373.056937866,185037.23441379718,32,32,727771.8034555167,554529.1581086697,549679.8409033578,237952.00706067873,0.8760114077685999,0.8242057790690773,0.04625342794954238
130,1548265888.81186,51404,355.46923828125,255.29792022705078,1.392370286311425,1319891.967223497,152541.26479788814,32,32,629235.0995685229,457473.0494171469,508149.5234904166,177927.0892056843,0.8844289770785018,0.6140676777145376,0.0934566341419049
131,1548265888.87860,53007,416.03546142578125,300.224365234375,1.385748492135195,1489481.1169416753,157104.65592636634,32,32,651045.0029960824,454578.0743495831,519125.3220938962,363498.09388432954,0.8945239022237849,0.8149500463113621,0.043589817472012404
132,1548265888.91196,52355,395.31109619140625,305.55796813964844,1.2937351907338843,1317423.1098445158,133132.0474599688,32,32,491087.0930160443,346169.68262948014,504990.85271565366,134277.6289800205,0.8989451099915188,0.7500164641122942,0.06151536120321026
133,1548265888.97871,46280,353.2652587890625,108.46852111816406,3.2568459046677734,1332643.490118173,227683.76159065793,32,30,1251135.066808846,563677.3288313256,478065.06559710077,361352.4677495427,0.8291487833925726,0.6920533137744589,0.05986979878042725
134,1548265889.01208,11434,93.13339233398438,34.076053619384766,2.7331038204789007,1222867.422761104,1190223.0552069165,32,27,1180188.7315366487,1143573.0437469063,1179836.2290589183,1129506.7302546804,0.026694935973091916,0.05426760592126759,0.018774079742670542
135,1548265889.04545,9839,49.53263854980469,19.66057777404785,2.5193887544438414,1316123.0390995317,1291802.433346032,32,32,1287793.9273748295,1187842.1187591616,1281641.2238416448,1082218.0088522113,0.01847897577276625,0.10415015056894986,0.027907221888584882
136,1548265889.11219,43460,248.94332885742188,67.24206924438477,3.70219613487297,1204928.641998563,187831.91604388074,32,32,1149236.286840072,422409.9599860546,574224.4971722933,379632.3122375804,0.8441136599323159,0.6946016362352645,0.054047433569235664
137,1548265889.14556,29150,163.21466064453125,120.27656173706055,1.3569947318691957,1415336.4625997131,1325303.5756008523,32,32,1285753.267630423,1127146.1378731315,1173625.52208719,1126277.1683769387,0.06361235605665594,0.18765438011522428,0.0453116336888438
138,1548265889.21229,37966,234.1808624267578,96.85760879516602,2.4177848838081717,1346657.4176815664,241922.38797731863,32,32,1275974.4718579724,631132.0072217344,875523.5817390728,436450.2804678575,0.8203534285699645,0.5150904985437486,0.09755356185058998
139,1548265889.24566,36211,245.28753662109375,101.39857864379883,2.4190431453951615,1254995.377452876,186550.82874597478,32,32,1212538.6385016758,510194.6993458128,446289.15552328597,362919.65540334303,0.851353373807164,0.5820610062580494,0.07188481168583549
140,1548265889.31238,39717,245.96450805664062,145.886474609375,1.6859993958674657,1102580.8044648685,153491.50585681575,32,32,870650.7049957834,416762.93607997126,591229.4809955934,365346.94549843756,0.8607888825605738,0.6463957003148553,0.09415009382505267
141,1548265889.34575,38627,254.87088012695312,193.95059204101562,1.3141020991214836,1037367.3456354883,202954.6965461184,32,32,738610.8813035828,421401.51176039205,620724.8028403311,421401.51176039205,0.80435600040814,0.5544654653191863,0.0874055415466058
142,1548265889.41249,34019,300.5533447265625,181.40450286865234,1.6568130337105305,1402345.0745591584,290756.5453936454,32,32,1334156.2147956598,491823.32030822634,801741.4354553273,456030.3194506009,0.7926640520450734,0.5660782821108683,0.12737625803759312
143,1548265889.44586,34563,292.0733947753906,207.3590087890625,1.408539693939724,1314429.5667445639,290347.1795201652,32,32,1232852.8774602455,531493.0016525274,926711.1382434343,491668.50434110727,0.779107845056114,0.4122388321386293,0.1701292388761385
144,1548265889.47921,30936,263.3136901855469,202.40271759033203,1.3009394998267767,1664204.747577958,334477.0948004456,32,32,1420392.6150907043,619128.9382732752,1218952.1536043466,608429.757340527,0.7990168605832695,0.43077265882318366,0.14462771170065344
146,1548265889.57933,41869,473.6963195800781,346.9424285888672,1.365345603611418,1625094.860721286,181545.3949779225,32,32,1390379.148651327,1022604.1729862301,1095157.54060507,489050.34218624904,0.8882862783177192,0.3457169295492449,0.06664570887042268
147,1548265889.64605,42652,429.2950744628906,254.03097534179688,1.689932000950975,1736987.2029076093,160918.438003329,32,32,1478767.7831541407,837150.446428549,599150.6176653267,436680.91495769215,0.9073577296747141,0.5264698643728308,0.08887155337308386
148,1548265889.67940,46673,544.7905883789062,382.84423828125,1.4230084559315872,1712960.3515220757,166793.34271996692,32,32,1361818.60993911,1054893.1338514998,1165426.1589701097,519090.3868499647,0.9026286028326573,0.45381920674103715,0.07510797511485695
149,1548265889.74612,44333,497.23614501953125,363.48912048339844,1.3679533086389621,1770874.5158709316,170730.5557941553,32,32,1346975.8380543604,531658.8440681921,1204001.9676905216,494991.7496867762,0.9035896929658008,0.5915560861636856,0.15223075086112775
150,1548265889.77951,45631,540.4253540039062,356.5708923339844,1.5156182560681746,1834894.634101668,216412.29930384443,32,32,1700040.7160888475,667970.9740535021,1309796.0566887902,566225.000100901,0.8820573697901755,0.48863829186965024,0.1473141563096493
151,1548265889.84624,42031,396.0876159667969,288.7179412841797,1.3718843179784772,1861907.6741160492,383628.51908512984,32,32,1505280.8432844388,699272.2904500575,1339959.7369851258,576040.0420228824,0.7939594296654588,0.5174264821510624,0.1735631328861434
152,1548265889.87961,54361,552.267578125,441.01806640625,1.2522561323287627,1987136.3333133624,469025.83819882263,32,32,1294464.1818845272,755940.4555853775,1236730.9574984873,746753.969985435,0.7639689686430491,0.5532810636726564,0.13057704722482513
153,1548265889.94636,42430,321.43035888671875,252.91790008544922,1.2708881371311496,2068095.6011880594,274063.29105644533,32,32,1956392.6246092631,680600.0143610017,1839277.8730829079,680600.0143610017,0.8674803568563252,0.19918069733466262,0.21433425098650657
154,1548265889.97972,39946,266.07879638671875,355.4079895019531,0.7486573297341604,2172142.359764759,377739.82883529144,32,32,1641397.7440298963,733868.168156467,1317200.6853067668,721013.4126391743,0.8260980330606875,0.42087769998428415,0.09511111452075258
155,1548265890.01309,12295,155.11688232421875,71.28622055053711,2.1759728756310115,1850791.203725736,1782518.8686447442,32,8,1792539.4698030693,1628332.955575492,1698355.2736333886,1584143.9538205245,0.036888188653347864,0.12960992948512395,0.028734194544903842
156,1548265890.07984,53491,316.51702880859375,322.43414306640625,0.9816486113984714,1984059.3329841185,301901.33783423196,32,32,1483671.2921581678,759085.1785072873,1507457.2742935375,890260.378219578,0.8478365375393496,0.29524340773202173,0.07400307115470986
157,1548265890.11321,9982,94.58467102050781,45.07027816772461,2.09860411041885,1913720.7370975895,1860391.7963977002,32,32,1894707.9239902105,1797154.5106203046,1858610.704157043,1715457.4004345068,0.027866626340042555,0.047140605457567535,0.01665401786048942
158,1548265890.17995,55765,358.77410888671875,273.27833557128906,1.3128523640071963,1963015.7344746566,238148.4177579173,32,32,1885414.0295123828,1385726.9566212364,1625511.9156502336,924781.1538109195,0.8786823693893362,0.20431349223643752,0.1332932233965989
159,1548265890.21332,55381,363.0498352050781,276.0857238769531,1.3149895261041584,1890293.8842964463,207971.58226952227,32,32,1677549.4259075753,648525.0043214691,1677531.8525980911,627422.2331952523,0.8899792333894537,0.23287295379921533,0.21543717100535836
160,1548265890.28006,2539,33.57678985595703,15.829022884368896,2.1212168370237174,1955356.9275617867,1935037.7743235156,32,32,1926412.758243174,1816610.503905838,1905699.993662003,1808772.8557403951,0.010391531567389034,0.031675607605761415,0.021259300225574564
161,1548265890.31343,26769,263.9229736328125,220.8382568359375,1.1950962546715036,1950030.4493596877,1819738.1646537904,32,32,1638300.3631741921,1567535.2504734523,1615616.7462170604,1563521.732909762,0.06681551293144172,0.15869583860688855,0.037092361388150114
162,1548265890.38017,22439,99.04973602294922,81.6550407409668,1.213026594857302,1938453.6110219748,1864330.3278659803,32,32,1859508.491124996,1812582.1442136564,1861536.8089154754,1789730.5264342655,0.03823835800585185,0.038857366520561015,0.019257136307245282
163,1548265890.41353,66171,365.5047607421875,331.2451477050781,1.1034267619449394,2069748.5570833657,250635.53266605406,32,32,1547686.301363138,723445.9803403657,1519751.1408061697,467037.4238017459,0.8789053231571071,0.27591958090594315,0.1410296601822269
164,1548265890.44690,17896,99.34562683105469,94.78107452392578,1.0481589001818783,2309584.878985581,2213020.036303485,32,32,2143981.704068761,1851254.410576172,2143981.704068761,1851254.410576172,0.04181047579620001,0.0816240745352857,0.0539586594868133
165,1548265890.51367,47556,261.4017333984375,234.21089935302734,1.1160955110138802,2063340.1958695988,391034.79724882153,32,32,1569759.6511237968,832095.5392907028,1502858.7337779826,730193.2038896418,0.8104845734932145,0.278189571157215,0.1265282235457868
166,1548265890.54704,59522,278.97015380859375,353.68975830078125,0.7887425272047454,2134074.2309084367,355373.4082453416,32,32,1807269.5745194838,747028.7407600667,1403059.3549342076,715549.4546262487,0.8334765477702875,0.3797691423337314,0.09773738448845247
167,1548265890.61378,5854,121.20751953125,41.157371520996094,2.944977170600338,2068128.7923207628,2009260.6070070371,32,10,2049667.2492687788,2030627.97156537,2019458.8970587126,2013292.0059061637,0.028464467750901723,0.023093174620237383,0.003954066716761919
168,1548265890.64715,7255,101.81317901611328,67.97229766845703,1.4978628427822047,2094377.4376768756,2046864.2792912761,32,32,2056504.544859347,2016226.9620483257,2049559.6607546278,2019050.4395027845,0.02268605339747265,0.026486649960079572,0.008564197031018699
169,1548265890.71389,4319,71.72528839111328,33.606651306152344,2.134258713779751,2192080.7361566345,2165086.3815448196,32,12,2167611.8233240843,2081247.8206199897,2160231.558382053,2070964.3263476433,0.01231448922777545,0.026441929851469592,0.015344105288680791
170,1548265890.74726,11731,118.96458435058594,81.88983917236328,1.4527392598755389,2082177.4155185819,2016771.7111049765,32,32,2015558.5409788168,1951549.735200699,2003492.1410575015,1932853.382918516,0.031412166862503255,0.05606624513910932,0.017368794835966893
171,1548265890.81396,9770,97.63174438476562,54.14306449890137,1.803217924370474,2115883.7359609436,2053507.2791496732,32,32,2061758.4829615352,1977070.042038218,2033229.9618008826,1963260.333737414,0.029480096543651357,0.05533102173367062,0.01108598228429087
172,1548265890.84733,10631,123.62471771240234,87.22705459594727,1.4172749301814231,2197390.17310391,2139862.21018651,32,32,2111746.246588434,2015002.9693291937,2111949.74347892,2051499.8928235972,0.02618013114900719,0.03994806881061239,0.021884400653352138
173,1548265890.91406,12742,145.5192413330078,106.49954986572266,1.3663836280668058,2251667.51952904,2164641.012424167,32,32,2156887.4082214604,1986664.600602817,2153899.562071807,2061454.83171349,0.038649803467909694,0.0598115476365524,0.02754702254754848
174,1548265890.94743,12602,145.73114013671875,99.26629257202148,1.468082834170373,2461047.4958856497,2372890.060043427,32,32,2347238.282182633,2272127.894438226,2339389.8521354683,2242081.7076575337,0.03582110300171093,0.06350818089794202,0.014539130940529416
175,1548265890.98080,132986,843.871337890625,741.9068298339844,1.1374357317608965,2308578.2738990798,332329.9823534594,32,32,823064.1012360442,510198.8857077973,823064.1012360442,510198.8857077973,0.856045607761798,0.7348301599205856,0.052129824852117986
176,1548265891.04753,6662,114.36650848388672,45.31026649475098,2.5240749466158103,2552997.3706062534,2509774.888249322,32,32,2507738.78439439,2399913.2671496863,2487397.078564495,2419792.233890465,0.01693009278214319,0.039475380739039105,0.021294451263309346
177,1548265891.08088,5067,167.92343139648438,69.1567497253418,2.428156789661133,2522702.3837130256,2482350.375065314,32,26,2497951.4451485174,2474037.3500761124,2478946.908474014,2459946.6756964894,0.015995548626041134,0.022795556301506027,0.0038970355613699202
178,1548265891.14762,119195,892.6856689453125,772.3616027832031,1.1557872190027598,2851695.172611839,618301.9799374243,32,32,1139996.5955329747,733624.9214574872,1139996.5955329747,733624.9214574872,0.7831809003024935,0.7334770240059763,0.044244708000655046
179,1548265891.18101,122371,810.3121948242188,703.0481262207031,1.152570022738163,2777910.9564088066,480623.3774905727,32,32,1067450.1151504256,602401.5594537492,1067450.1151504256,602401.5594537492,0.8269838792414329,0.7754583454567228,0.04053862997329204
180,1548265891.24773,7331,239.11868286132812,100.61988067626953,2.376455639324988,2764629.96002479,2697863.194373935,32,30,2731431.7635769676,2687699.004625148,2687192.7300152304,2658874.3798028813,0.024150344391933087,0.032958928459422575,0.0035093991150762054
181,1548265891.28109,10852,182.71163940429688,89.36198043823242,2.044623882643115,2629807.201797776,2476805.690906536,32,32,2537852.142645643,2434019.5177774974,2450400.3948678095,2425860.943612905,0.05817974442637697,0.08099159868868971,0.010669609280342236
182,1548265891.34783,10852,237.00778198242188,120.00353622436523,1.9750066492982261,2740280.78901487,2659931.2612106143,32,32,2610203.823342527,2469707.629346524,2557638.4172149845,2425259.330038619,0.02932164036851903,0.08575526265727024,0.017407837924824573
183,1548265891.38119,7359,107.81237030029297,38.40201950073242,2.807466161987567,2411592.6221652646,2366284.2787770834,32,32,2351361.8040859834,2320497.1281552883,2355794.9116472597,2283113.0921354718,0.018787726820751693,0.0411974001730818,0.009092121383544696
184,1548265891.44793,5687,155.8504180908203,85.66764450073242,1.8192448152287863,2700715.829186948,2644646.4607030856,32,32,2663560.8442739123,2620081.5519031677,2638766.644163019,2601553.234676983,0.020760928594528272,0.02763790663057889,0.005908189281951837
185,1548265891.48130,8791,193.1053466796875,108.92356872558594,1.7728518165447091,2533424.7365316814,2443957.3232094604,32,32,2463641.859834686,2370889.739535502,2381487.388298199,2166440.916068353,0.03531481004038195,0.057387166492284036,0.016041808291140523
186,1548265891.51467,6075,202.40310668945312,112.13636016845703,1.8049730380528914,2528929.1893486567,2459309.426301395,32,15,2474851.84165473,2412282.0902900873,2453219.590681753,2434804.882500389,0.02752934457021816,0.04748443181373195,0.008348530946427459
187,1548265891.58140,3270,61.665130615234375,22.875328063964844,2.695704754170259,2234622.9863633728,2210142.614338511,32,22,2224417.768278626,2205755.100077884,2206041.587203105,2194188.744876615,0.010955034551354492,0.017558777740518772,0.0019939019147027837
188,1548265891.61477,5125,127.02555084228516,53.71615791320801,2.3647549597185815,2316613.238018122,2271753.5462910538,32,31,2281207.755173303,2228860.7735524517,2267377.466873492,2215777.362115484,0.019364342304046378,0.03936789675493488,0.0077664098769326005
189,1548265891.68151,11002,397.36383056640625,211.78102111816406,1.8762957533607107,2714801.7408981402,2605821.1647296613,32,22,2649464.0086380895,2588625.487564852,2618385.9320769957,2603671.066471349,0.04014310677892252,0.050875304471670026,0.007111538251380532
190,1548265891.71489,138331,712.447998046875,632.2841186523438,1.1267845846980837,2253810.3265783926,370034.99272089626,32,32,874844.3678273715,661154.5667982375,874844.3678273715,661154.5667982375,0.8358180418479746,0.6875862726246891,0.04927530095103581
191,1548265891.78163,140861,1083.6253662109375,923.0157165527344,1.174005324912609,2654724.3139288574,415613.6880891672,32,32,1015562.0494621018,485259.54723900603,1015562.0494621018,485259.54723900603,0.8434437482233024,0.7747141306656948,0.04565225793667932
192,1548265891.81499,147627,668.178466796875,614.8828735351562,1.0866760086442244,2353690.8377772183,309652.88435367343,32,32,765851.7677307326,387571.1344816607,765851.7677307326,387571.1344816607,0.868439440140701,0.7433464949878408,0.049139194828856196
193,1548265891.88173,148447,1162.3541259765625,1012.9182434082031,1.1475300534281494,2704573.577147596,319449.6207747929,32,32,900098.6514252494,314217.34626105754,900098.6514252494,314217.34626105754,0.8818854020190112,0.8168608011717022,0.03890042353311592
194,1548265891.91510,152433,1143.7491455078125,1019.58349609375,1.1217807564459101,2457650.88096965,275820.0238789436,32,32,806290.7256091689,452271.3107705818,806290.7256091689,452271.3107705818,0.8877708685091511,0.8080506389534833,0.027280037975911168
195,1548265891.94844,8557,185.8333740234375,115.71419143676758,1.6059687382855439,2340672.7540839612,2273542.9717208324,32,32,2275298.247106104,2207155.235976717,2241743.786764657,2188988.189428807,0.02867969571825113,0.046607221712294575,0.013216288948467327
197,1548265892.04854,4632,126.24900817871094,61.72502326965332,2.0453456554755225,2369370.768530012,2318908.7908450942,32,32,2304123.034693897,2262754.7654113853,2296877.441614608,2275872.0225690026,0.02129762819528036,0.03491769865909035,0.010551855616366422
198,1548265892.11528,4609,77.38960266113281,49.346641540527344,1.568285099961147,2296182.891970436,2246986.971207787,32,32,2264221.046441991,2241933.3536905134,2262685.1582896328,2227557.3441950465,0.021425088103688705,0.016235278667228313,0.007391628556337822
199,1548265892.14865,2698,58.94818878173828,28.822309494018555,2.0452278050088837,2362991.7543308465,2340208.510734139,32,32,2343672.1484175655,2305384.5590122053,2332293.775988896,2307568.780793091,0.009641694074873808,0.01543815075035435,0.008957921642704226
200,1548265892.21539,13485,572.9075927734375,199.45703125,2.8723359070523493,2633760.2006416717,2447011.6456099343,32,21,2527448.7079841355,2451840.4681497053,2479976.268641723,2429648.729046515,0.07090567887928412,0.08677321424383606,0.01716634631135735
201,1548265892.24876,4565,106.47400665283203,77.70652389526367,1.3702067897972434,2351108.3155984594,2289851.31749623,32,32,2311891.0095231812,2260949.708534225,2300471.2170478273,2256578.212878837,0.026054519775128737,0.029141461314086303,0.006410865303354935
202,1548265892.31553,2178,24.959991455078125,16.306063652038574,1.530718387203011,2386150.82235455,2374569.5103005716,32,32,2372948.0315433433,2329882.8893804653,2356134.525257966,2314465.6413983568,0.004853554077755451,0.011071178256961172,0.005997350307205566
203,1548265892.34890,4401,88.27908325195312,40.82025718688965,2.1626292761405224,1970408.4607878698,1933268.370640001,32,32,1937945.2586257516,1903793.4450350166,1917923.328980295,1884552.0238085636,0.018848929492019217,0.034504684761690725,0.006702954055986327
204,1548265892.41564,12032,399.507080078125,229.61363983154297,1.7399100522565867,2295517.6121555264,2113156.8124459377,32,32,2164437.2112765983,2114781.2533252547,2120411.0696738875,2106243.2564399973,0.07944212614354507,0.09695095579644114,0.011018569147852863
205,1548265892.44901,3362,88.06147766113281,30.23181915283203,2.9128739231983487,1870067.2569135448,1831716.0082114185,32,8,1846006.0912464396,1824208.2385552826,1822651.5340524423,1779612.2522702846,0.02050795155112395,0.025536065876774403,0.005784082972188057
206,1548265892.48238,1909,26.892345428466797,21.294527053833008,1.2628759192670673,2075135.3796478426,2049760.4641155526,32,32,2060872.6724692276,2040179.7889901225,2057431.9751164913,2040192.8928258575,0.012228077156390738,0.008424272186510857,0.003968305010076268
207,1548265892.54911,144770,1167.8526611328125,1180.8807983398438,0.9889674408921315,1791660.8368173207,197178.88082522154,32,32,570832.771099021,441865.14799011644,570832.771099021,441865.14799011644,0.8899463130669937,0.6806889365031268,0.05111591846542235
208,1548265892.58248,5158,85.14138793945312,42.46042823791504,2.0051938115740935,2045553.165384218,1990450.111696137,32,32,2008180.5718104031,1985993.7955970538,2008528.040220314,1988555.2589377146,0.026937971899513524,0.017441839098541967,0.006742433446334589
209,1548265892.64922,2092,32.02024841308594,11.01019287109375,2.908236829997062,1633834.8525109484,1624049.6827848817,32,32,1627416.2600563369,1604860.6878014868,1612277.3015052436,1593322.5397269586,0.005989081277724351,0.01364033009380007,0.004243069592561026
210,1548265892.68259,7999,220.5041046142578,143.8191909790039,1.5332036226406607,1986070.1981522616,1842489.3587741817,32,32,1896919.5854800935,1840690.0093553164,1854510.7309261304,1827078.819140852,0.07229393981726329,0.07681277917152654,0.014685030860118735
211,1548265892.74933,2549,50.211402893066406,19.093870162963867,2.6297132254759337,1798882.1949911476,1753486.2718122345,32,32,1782451.570535203,1753362.74228939,1768606.6335739493,1728766.6132703223,0.025235628717274916,0.01869411535597699,0.0072628371932970896
212,1548265892.78270,3190,62.21220016479492,32.865333557128906,1.8929429107011242,1958146.2347972249,1913008.9069463962,32,32,1947304.1971590323,1880268.7595426876,1916895.8934558663,1878849.4292004514,0.023051050554200758,0.02355860655669438,0.008192198321506012
213,1548265892.84945,3409,42.84593200683594,30.24311065673828,1.4167170994128442,1837118.5918094288,1801329.0868885305,32,32,1815036.5677919397,1772655.6273282568,1801429.825174554,1763900.0008743124,0.019481325310440667,0.020315266697618208,0.007408201020586599
214,1548265892.88283,4109,74.55413818359375,39.465829849243164,1.889080717886475,1831106.7145231352,1799160.019125609,32,32,1795670.0778810396,1773514.107380392,1783715.653546726,1775936.6878035576,0.017446659522433072,0.03170637382816036,0.004665492513526925
215,1548265892.91620,3219,43.36206817626953,27.942570686340332,1.5518281643809884,1621081.2222991744,1603332.0196976645,32,32,1599394.406277908,1576540.1615247203,1587858.6564048748,1567952.8198890074,0.010948990314215257,0.022657383686367206,0.005627590494789949
216,1548265892.98294,1215,11.203876495361328,6.5556066036224365,1.7090525976910198,1480227.681401505,1474649.701133521,32,32,1474771.2825262202,1461572.4999099956,1470761.3348699175,1461517.188017497,0.003768325871802758,0.010110568240966403,0.0023354335894631736
217,1548265893.01630,3860,34.651695251464844,25.560914039611816,1.3556516483630052,1393935.4492860695,1370833.4127945479,32,32,1374604.9766276965,1346848.6131137614,1366240.7991501333,1337547.013906759,0.016573246991712365,0.021356099095416834,0.008528958952679407
219,1548265893.11641,1243,13.62816047668457,5.319316387176514,2.5620135154093324,1315792.1639481757,1304670.74655775,32,32,1312385.6259686588,1288604.47138998,1306391.8671621946,1289260.2375327416,0.00845225993522769,0.008193293834215796,0.004942780129708821
220,1548265893.18314,2240,26.40774917602539,14.638447761535645,1.8039992768505866,1370931.9985158797,1352071.395835175,32,32,1355859.7585194777,1344885.2363258866,1346768.8333950886,1281680.4298757361,0.013757504165868628,0.01626589390054887,0.004997200118825399
221,1548265893.21650,1961,28.590057373046875,10.264986991882324,2.785201520046371,1508996.0781327612,1489568.832179441,32,32,1499804.7662065206,1473152.2915577474,1489702.8894621688,1462270.6827759095,0.012874285251529338,0.01606201312214803,0.006520386431309509
222,1548265893.28324,4402,31.821678161621094,18.83420181274414,1.6895687153616987,1430185.2624870597,1392743.2790806806,32,32,1408744.2435186955,1378180.3666899365,1389366.1673954264,1332655.1955218012,0.026179813474841995,0.01994007223191818,0.013001143073883904
223,1548265893.31661,5832,124.04602813720703,74.56513214111328,1.6635929498851014,1719263.83154757,1647456.6260982796,32,32,1662675.6469596906,1593015.012899274,1659798.8735019076,1593015.012899274,0.0417662514220718,0.036475102969970134,0.019512933809058816
224,1548265893.38335,1256,9.938774108886719,2.5762208700180054,3.857888981707246,1252648.2642080553,1238644.591109129,32,32,1250328.404917851,1233214.3037065414,1244817.8614410902,1220440.6368877501,0.011179253984581083,0.0057764605827946335,0.005046499840272735
225,1548265893.41672,3273,51.20262145996094,36.14638328552246,1.4165351220759306,1786916.3081681724,1746283.1461704625,32,32,1743897.308782285,1720065.2484386424,1746565.5431234627,1727716.784251935,0.022739264179285623,0.02547238566532135,0.008561454005317997
226,1548265893.45010,258444,1180.951416015625,1157.6287841796875,1.020146900418051,1453334.0496424173,21672.1001901381,32,32,101952.76609706253,40080.04537259157,101952.76609706253,40080.04537259157,0.9850880118060467,0.9605088682399786,0.01600465626630429
227,1548265893.51684,4649,44.238101959228516,41.871694564819336,1.056515682467684,1380351.9689274298,1312556.9497637483,32,32,1348389.2444651502,1327476.907556188,1347962.4084545826,1322690.6130281542,0.049114298881581586,0.022753153866224493,0.010043690510474799
228,1548265893.55021,261013,1055.5411376953125,1021.7873840332031,1.0330340285949475,1235949.9029873759,5868.376039922847,32,32,88098.40596788186,32039.98766960601,88098.40596788186,32039.98766960601,0.9952519304983652,0.964358353296342,0.020716598972284055
229,1548265893.61694,260711,1214.1195068359375,1177.5164794921875,1.031084938496602,1282017.5437348543,9984.124368514837,32,32,86474.9790836504,53473.312087105835,86474.9790836504,53473.312087105835,0.9922121780491174,0.9536373847774096,0.016997882850604377
230,1548265893.65032,3882,21.528057098388672,14.61096715927124,1.4734176638490535,889802.654536904,850960.7886184372,32,32,877271.5308795099,857397.0868535716,868824.9876950844,848446.6616896624,0.043652225266378686,0.018101284182034987,0.01000014991932474
231,1548265893.71705,6763,50.02088165283203,46.81469535827637,1.0684867490863388,1129845.0823451383,1065762.0288095907,32,32,1105467.7848219434,995781.4599323915,1075662.3977970355,1013807.967687714,0.05671844267581794,0.0469157452780966,0.029908456842101066
232,1548265893.75040,3909,15.244823455810547,17.111175537109375,0.890927886441745,725423.9970916914,691614.7408279828,32,32,712605.1964242647,673849.2113282833,710454.4046672881,690129.4483679829,0.0466062005106721,0.022316772041538115,0.021224137679177493
233,1548265893.81713,4481,60.141754150390625,34.649648666381836,1.7357103597053791,1136296.1639641612,1092654.596244562,32,32,1095546.3109120058,1058395.5723543812,1086723.0289145734,1051670.3904776934,0.0384068600278894,0.06058736503107452,0.01722387123948288
234,1548265893.85050,4579,28.996131896972656,10.872404098510742,2.6669475889830503,834359.153516904,791679.5949067785,32,32,827658.2208412973,796745.7806347236,811898.5566539473,775123.1173018088,0.05115250240885716,0.03469943410567246,0.009568217664416602
235,1548265893.91723,2847,35.00056076049805,18.032014846801758,1.941023288737249,993089.5737660619,962513.8514048752,32,32,982399.9351262918,958027.6210090396,966857.221737206,935312.6273762634,0.030788483908088415,0.02654604538442258,0.008431535977501306
236,1548265893.95060,4315,25.67498779296875,10.335486888885498,2.484158518025787,761238.4877168044,733840.7637930125,32,32,757104.288835091,726100.2541193736,732867.8252908287,708800.4586081764,0.035990986222946164,0.02344744391480601,0.01070136512910743
237,1548265893.98397,2986,50.99874496459961,24.747257232666016,2.060783725853951,1031393.2397443916,1005534.8457021414,32,32,1016558.8677559484,969590.3837657145,989956.6232470407,963717.0845833916,0.025071323958511416,0.042623015658239165,0.013350274467294318
238,1548265894.05071,2227,16.55281639099121,11.3901686668396,1.4532547212563867,779246.9609862132,762319.8688728942,32,32,769568.08278898,747837.0726234849,762022.3082972709,745079.5723826395,0.021722371675208185,0.02041763916805097,0.010162734972398207
239,1548265894.08407,4535,57.50667953491211,33.99892044067383,1.6914266332443695,1055755.027168956,1021032.8169191248,32,32,1032876.1452316795,982607.4598040276,1018616.470830296,978026.8527843778,0.03288851045582031,0.04531090497972004,0.0169609463706863
240,1548265894.15081,1974,22.4819278717041,16.566556453704834,1.3570670485764345,1002705.7983491011,979484.366886345,32,32,989801.4734185222,952398.5977766974,978969.6227225296,958261.7143890172,0.023158768505167626,0.02662700564097085,0.011402217214189941
241,1548265894.18418,3054,67.42900085449219,16.499600410461426,4.086705082369112,1152188.8491453868,1113675.5934182939,32,32,1141608.9332373026,1082188.135646635,1096774.1215267363,1056533.4674738566,0.03342616599323922,0.06136574750892662,0.012114962730069394
242,1548265894.25092,1780,25.378456115722656,7.633341312408447,3.3246850988398062,996715.1270779541,973813.5803445315,32,32,993395.7377867606,961477.6087756839,980959.5350804119,952037.7168306361,0.022977023335205682,0.024568905845824936,0.008024001335495367
243,1548265894.28429,4267,77.48001098632812,35.82683563232422,2.1626250161044913,1058189.5210119742,993252.0826460797,32,32,1029035.3865752656,967031.7904753464,998444.0935509596,960699.2354353959,0.06136654831338073,0.08233712959993943,0.017380996446124408
244,1548265894.35103,2774,38.565067291259766,10.945295333862305,3.5234377981513245,937380.4060708724,906247.6606974441,32,32,932413.9132902494,888325.9294618305,912110.0931295722,881504.9634767171,0.03321249854573394,0.03309980381885532,0.01187943515426123
245,1548265894.38440,3153,49.79602813720703,11.514644145965576,4.324582462642081,993087.2227626881,950789.5578327418,32,32,988461.4084075694,953956.2614251692,956387.1062316047,925169.9900098125,0.04259209459193081,0.03198889437036384,0.010927114884972765
246,1548265894.41778,3397,23.608470916748047,15.121414184570312,1.561260780809629,576437.9459840514,548565.5077764242,32,32,571930.3651167948,546236.7541301732,562086.4120566312,547142.9673848205,0.04835288586015196,0.02790014035663006,0.014388110241238464
247,1548265894.48449,2803,36.19752502441406,16.002564907073975,2.261982703061111,788545.4961149566,756719.0011957602,32,32,783115.9337982783,761466.2325456077,771090.0529642466,732494.0611087494,0.04036101287243499,0.030093188265233464,0.01088997572476538
248,1548265894.51785,2708,14.526813507080078,5.526118278503418,2.628755443688083,429918.78619150777,407096.27281646425,32,32,428199.10106275557,417933.8951347944,425956.8637862853,410277.1618601991,0.053085638748703645,0.012927288005256995,0.007648060565672465
249,1548265894.58463,2102,28.104665756225586,11.284956932067871,2.4904539667636683,661581.7588656166,627178.3404931237,32,32,658442.2751369621,616733.347217104,645535.9349746215,624645.5674043956,0.052001763820518354,0.033570108228437257,0.011050710306026905
250,1548265894.61800,4536,28.686946868896484,19.516294479370117,1.469897213286072,405317.46228855447,369982.81703600666,32,32,400108.44177421374,375281.94397051993,389210.1402687264,369136.42725022486,0.08717770276424042,0.030874578816218905,0.02240741859086926
251,1548265894.68470,1923,17.61977767944336,3.4771347045898438,5.067326743535452,496947.5086785696,472578.91920601146,32,32,495988.1796017445,478016.88970835047,491724.2324659907,477306.2164625688,0.04903654620858544,0.023370943057037463,0.008651197263982679
252,1548265894.71807,3732,20.415164947509766,5.462399959564209,3.737398414366291,289863.877604174,268627.72448574094,32,32,288533.9517180268,281999.4853893444,285391.1879116372,266301.5273750353,0.07326250270974533,0.019197368396119675,0.01450564536264015
253,1548265894.78481,522,3.6153135299682617,0.9324144423007965,3.877367580286753,466884.5339877113,462852.1438747061,32,32,466752.9985859388,464786.4110942486,466190.4687647119,462189.12896924466,0.008636803790787684,0.0011087312596987132,0.0014801125458684305
255,1548265894.88490,2874,14.785168647766113,5.9408159255981445,2.4887437740763674,344120.9932860989,329478.0806053206,32,32,343013.20742270484,303552.15633680066,341385.0144600967,332098.60703837645,0.04255164016862034,0.03382908448791349,0.019189274078810423
257,1548265894.95164,6937,40.56575012207031,10.791692733764648,3.7589793485455436,247583.77493637716,186468.1337519532,32,32,243389.92501419544,232050.81509699827,237812.17308878305,205210.36822303254,0.2468483292175715,0.06158337059460034,0.024410005626767504
258,1548265895.01838,29663,144.6486358642578,51.88075256347656,2.7880982583527274,219948.3059165178,136373.84208260695,32,32,205430.0726526811,160864.48099604726,160755.50086984923,147511.33664461737,0.379973210003408,0.27147056768752703,0.05783352951172395
259,1548265895.05175,9929,70.40841674804688,18.92924404144287,3.7195577696551285,225992.7773013824,160241.29042932155,32,29,221792.68093047466,202753.47914442397,202927.1569408525,182542.46580051535,0.2909450808880282,0.11883716906506193,0.02606068525609128
260,1548265895.11849,26477,170.7356719970703,52.63632583618164,3.243685217095994,268721.31501056923,173114.37714661876,32,32,250499.3251350819,202916.28803520915,249697.72626244335,190004.22414463712,0.35578472016702545,0.1935891136856347,0.058477442309397235
261,1548265895.15186,23812,132.20327758789062,38.6492805480957,3.4205883191894095,222336.8738868388,148510.6706949184,32,23,206898.18402124837,193966.78002399983,173330.56913427942,152629.0184122314,0.33204660073387193,0.12710214692161312,0.04696790331452594
262,1548265895.21860,23005,131.68409729003906,45.387338638305664,2.9013399163902798,260511.55236028024,184201.39029337966,32,32,243626.99731246362,218043.29463795773,243090.78990814672,191860.81273211516,0.2929242921302996,0.08171658926433684,0.05114595620721056
263,1548265895.25197,21087,64.24452209472656,29.872689247131348,2.150610598304132,159150.9093750669,127196.59381224736,32,32,147623.53177390958,130252.90787805257,148737.0297143247,127665.14847683489,0.20077997473148967,0.11083867146063722,0.04517961189946422
264,1548265895.31870,16649,85.30973052978516,28.43460750579834,3.0002077754155367,227716.99172500486,197659.61985952043,32,32,215240.6866459566,194796.1243003168,215484.28452448102,200611.60145797636,0.1319944183251035,0.07481651036279116,0.04195642484453848
265,1548265895.35207,15222,43.597686767578125,21.88621234893799,1.9920160726071758,166645.56512419455,149281.04422680222,32,32,156409.60250941606,148501.79328348217,156239.2837652429,146912.38984408966,0.10420031810898311,0.07166444979886766,0.029706676630374754
266,1548265895.41881,10718,33.31407928466797,12.049558639526367,2.764755148407448,226433.42005900003,212291.55943532384,32,32,223381.14757541337,209085.12414559347,219628.4492554947,201736.74246549068,0.06245482941516034,0.026814951399644432,0.025726069343336464
267,1548265895.45219,8805,17.236576080322266,2.876587390899658,5.992022399476448,183755.6303036915,177472.15148340215,32,32,178385.75226845007,171282.80557910408,175804.24790032185,167220.83356170467,0.0341947553384061,0.045231064425852466,0.02294420529469026
268,1548265895.48555,6651,22.591344833374023,3.5951755046844482,6.283794714315869,214574.21942976594,209108.13313278236,32,32,212877.05772410764,201982.4999282765,205298.71369608297,197921.73669706227,0.025474105470404518,0.014604079319293636,0.020102934146016042
269,1548265895.55228,4661,14.629262924194336,2.8212504386901855,5.185382596160525,281793.3175466333,278084.60943206854,32,32,278737.504067736,267981.85336399527,278921.6572558788,268936.44207772583,0.013161093197147977,0.023709560754289635,0.014445943160560065
270,1548265895.58565,3539,11.66654109954834,1.9155872464179993,6.090320929711697,295901.86702054937,292345.23698340694,32,32,294756.95250807784,289313.8188954402,294440.94734252815,288270.41280669544,0.012019626888313706,0.011301122558142779,0.0064025986757352575
271,1548265895.65239,2130,11.61777114868164,1.4170336723327637,8.198655667480445,424420.43104989204,418233.13831971446,32,7,420241.0047217425,402996.1829352279,419443.8234165074,nan,0.014578216027140933,0.012215481686128158,0.013827290542141516
272,1548265895.71911,1246,3.541057586669922,0.8143443465232849,4.348354110626432,458900.7500067081,456823.751136296,26,2,454525.70537046215,446088.812124008,454730.7251853614,nan,0.004526030673041359,0.012491837947599511,0.008207768972452921
278,1548265896.01945,1701,2.231322765350342,1.0827624797821045,2.0607684575470087,497308.1572422271,490708.388891186,32,32,496571.2417462504,490091.3358213422,495201.31573716656,489646.0121143731,0.013270983503748446,0.0038515813939238594,0.004333663337890408
280,1548265896.11953,542,1.0063899755477905,0.1046886034309864,9.613176053219874,495252.9343403307,493435.5750959997,32,26,495076.32792852086,494122.38384210493,494435.79030000186,491712.40263635706,0.0036695577518419675,0.0008101748608025535,0.0007824602347419187
281,1548265896.15290,2574,1.8395580053329468,1.5392428040504456,1.1951058016917382,517177.26488583983,505310.7338079971,32,18,508611.0596887645,503668.5802797482,509353.3072426133,501507.8830311865,0.022944804196801116,0.01519241237451439,0.008101589561073473
282,1548265896.21965,1628,0.8122645616531372,0.6461784839630127,1.257028176907901,521719.1182914203,516666.6958726707,32,32,518209.6647064635,513592.0750431528,518591.1719861181,513750.512178427,0.009684181088275623,0.008066443796399064,0.004329332533607498
283,1548265896.25303,37136,56.96696472167969,49.68526649475098,1.1465564892904014,505211.24577163684,290486.17435171036,32,32,400655.35183843377,332112.02299080545,388376.46651903156,328616.50451703195,0.42502037161101813,0.2817104551572282,0.048058273623456306
284,1548265896.31977,23606,52.36369705200195,41.39809036254883,1.2648819448776618,526299.7981344708,312655.92707498255,32,32,447927.5413095525,313919.9112171496,411879.5777350324,311897.72931525926,0.40593568877809405,0.25518837268915384,0.058418090752053405
285,1548265896.35315,16165,36.105003356933594,32.75608825683594,1.1022379434882235,470644.7662845935,329119.40002568805,32,32,379698.1644713752,346369.21573055926,377186.0945019712,346369.21573055926,0.3007052800696113,0.2275383098468737,0.02631416910657999
286,1548265896.41989,1960,3.8977437019348145,1.8773012161254883,2.076248429636275,384725.32853332086,370067.2481306107,32,32,379889.8652052337,372960.3633520667,376779.4782234434,373541.3558697765,0.03810011796881385,0.01935422874776686,0.008465599266530831
287,1548265896.45326,6612,10.111438751220703,8.415223598480225,1.201565072263417,399699.6689292809,314087.8770656154,32,32,349090.45104124,332091.73293932364,342713.3072944839,323162.40916081617,0.2141902996642533,0.14745060176530167,0.028051893305901618
288,1548265896.48660,1388,3.7381398677825928,1.1821128129959106,3.1622530664469877,389446.0217547141,369361.57588484633,32,32,387776.9480722348,375618.85595204285,385370.0803841623,374227.9268711333,0.05157183472917226,0.016001551293873054,0.010766882530739584
289,1548265896.55334,3324,13.536945343017578,1.7147147059440613,7.894575870896619,312078.79048162047,306379.9720306019,32,10,311065.28437598184,304513.3569216851,308019.51720207604,304341.5601769324,0.01826083227964259,0.012415958841961654,0.007460895080791464
290,1548265896.58671,3039,7.012061595916748,3.2249927520751953,2.1742875519347065,326088.5996887596,311596.22750944993,32,32,323882.4834691075,314626.71790398256,321748.00593926624,314441.7951919379,0.044443050732660194,0.02137473094464687,0.010477927490124066
291,1548265896.65342,2064,1.5260670185089111,1.3140121102333069,1.1613797214075547,301542.1850953656,299180.53889122565,32,32,300372.91144338786,298464.6867932605,300347.2151252348,296537.187341841,0.007831893250336064,0.004318911593821565,0.0030025453482812564
292,1548265896.68679,228579,163.99241638183594,156.41940307617188,1.0484147948191327,324251.2725096606,18964.82643243183,32,32,58847.997438642335,36003.453190215216,58847.997438642335,36003.453190215216,0.9415119444693412,0.8176254922880859,0.04431665810574052
293,1548265896.75353,5487,25.68370819091797,2.26554274559021,11.336668990647075,327752.81871026545,323198.49337276013,32,27,325198.57676927204,317915.2367553511,319441.08238527563,311974.61881002004,0.013895609976527279,0.0399144806408459,0.007133304157591768
294,1548265896.78690,3604,20.18194007873535,4.74851655960083,4.250156828016176,345754.0434472202,337522.7527120464,32,9,342148.74955877644,335388.40685032576,338116.2841192532,337419.47301481955,0.02380678083503107,0.029021334140084433,0.00799398336725519
295,1548265896.85363,7973,34.918495178222656,17.391090393066406,2.007838173973507,343332.8231597073,292565.658264494,32,32,333496.26996330137,313087.6217779608,329839.5436883462,305148.6113609623,0.14786574854102452,0.05604434173187279,0.024454398444606517
296,1548265896.88700,3803,26.673383712768555,2.9819809198379517,8.944853917515358,367703.5238623615,355038.8498944739,32,13,366414.498956308,358446.1348054668,356593.36964380054,351656.63599889394,0.03444262332560133,0.0343859239706975,0.0036008401573538974
297,1548265896.92037,3630,24.099653244018555,3.4940608739852905,6.897319226304931,398734.2399582861,389018.9272962683,32,11,396428.3874780499,389998.63284438034,390177.16586554016,386814.23816943535,0.0243653834770603,0.02972918055483713,0.004978388003738642
298,1548265896.98711,3104,17.997634887695312,5.1607372760772705,3.487415445681339,436471.2847655686,428746.3884015062,32,32,434016.1959516075,424635.864836033,428776.21712935716,422041.7118606429,0.017698521377440768,0.02184519855133683,0.007039009413388753
299,1548265897.02048,1755,21.890398025512695,1.0140198171138763,21.587741833110904,429217.58814515715,421608.9437326042,32,6,428423.8513760497,423759.0781271919,425915.95535855426,nan,0.01772677686726054,0.03967450753545735,0.005181133845633135
300,1548265897.08722,1407,15.310527801513672,2.344135284423828,6.531418175072131,496903.04112769925,490768.5260906837,32,20,495721.9452806935,490433.18823447305,492084.0766718426,484564.9941265223,0.012345497067382638,0.013604477645657446,0.0031138838166830285
301,1548265897.12058,2230,14.657487869262695,4.803406715393066,3.051477573675179,445489.52041098865,442931.1286940965,32,32,443283.91941655823,435332.9624934794,440888.6056520684,431607.99182604963,0.005742877440824801,0.015159948338023248,0.007690208077951441
302,1548265897.18729,1613,14.831931114196777,4.847635984420776,3.059621465362355,509352.9072344045,506031.69608691055,32,32,507717.54375941376,502664.0938070218,503375.56803638785,496290.3311433739,0.0065204519309154385,0.010218570939621065,0.004234877423056955
303,1548265897.22066,632,7.5305657386779785,0.7708613574504852,9.769027420941502,518088.9116956938,514806.2491116201,32,23,517495.4420794053,514812.3557745044,516176.01927759673,509331.09629206086,0.00633609890111253,0.0025208358984752507,0.0025372367619982145
304,1548265897.28740,2296,29.52982521057129,2.2066094875335693,13.3824427826503,489999.42228725535,482853.2306000058,32,14,488987.1893439449,483156.11349675694,484463.829414987,476423.7845823365,0.014584081862570542,0.013317383186880055,0.0029235571761808557
305,1548265897.32077,4149,37.588233947753906,12.930649757385254,2.9069099119543966,530940.5652579181,519414.0593976665,32,11,523433.43835267995,516588.61821452266,519170.13042022154,512233.16108898923,0.021709597296737604,0.028856774559523804,0.005708483628352553
306,1548265897.38752,3214,14.865785598754883,11.077342987060547,1.3419992155266491,507010.9227520817,499212.7124012545,32,32,502301.35071958654,488594.65607830347,501056.5080018457,492937.6995259556,0.015380754143319297,0.016442046671463505,0.008292695632769373
307,1548265897.42089,2426,35.179927825927734,6.594268560409546,5.334924943327276,487562.9879365873,479036.5411014672,32,8,484274.6416517913,480181.43223062076,481848.2629322457,478480.89149953355,0.017487887813643965,0.02358233126825112,0.004770678406615325
308,1548265897.45426,572,6.240377902984619,0.6709016561508179,9.301479353602593,571620.431279867,568037.941961038,32,31,571084.5428327448,568782.2436227866,569793.3163300788,564681.26915249,0.006267252048370087,0.004174842791548225,0.003601921908426329
309,1548265897.52100,3879,34.65999984741211,8.001989126205444,4.331423012548873,418287.4236474895,410867.0187980664,32,13,414970.2032134,407123.7394216158,410333.0578043612,405651.4847928027,0.017739966420019848,0.02456644480023172,0.00717743340072079
310,1548265897.55437,1465,6.093311309814453,4.166745662689209,1.4623669892733129,394681.0786254239,391766.9487082223,32,32,392914.89167813456,388508.3661495383,392346.477862066,387985.434881456,0.0073835055061437505,0.006417696216896751,0.004881196341371875
311,1548265897.62109,4714,35.407310485839844,6.813791990280151,5.196417873681533,387065.56497178215,377743.26002660557,32,7,384619.2375331433,380060.0030217295,377700.25097046536,nan,0.024084562897906503,0.015367337144454027,0.004895707284352708
312,1548265897.65447,4629,14.956175804138184,14.207724571228027,1.0526791766801167,394676.35620284674,387127.5850828741,32,32,389341.97384410934,383238.98332883045,388541.37825160206,379443.69150198315,0.019126484273339406,0.014962247443929749,0.007822533674458475
313,1548265897.72122,6642,23.322956085205078,17.83746337890625,1.3075265013738284,362129.1740152826,355004.1320404205,32,32,358078.04551353864,347470.4987669158,352521.34203141136,346198.47262611607,0.019675415531589913,0.023625999291389546,0.010538954614055563
314,1548265897.75459,3283,27.321781158447266,6.812438249588013,4.01057303676838,333774.6977170223,329824.1294851304,32,11,329849.57845367526,323514.2387225651,327421.59670796886,323691.4116891621,0.011836032685860531,0.023195413635363878,0.009878284324204744
315,1548265897.82132,6147,25.530588150024414,7.515652656555176,3.3969888333991265,366340.84904803423,360073.4434205774,32,32,362049.7044129775,350832.1758297412,357141.0156812099,346470.82739662274,0.017108126608712082,0.037046716225037635,0.006243191901005273
316,1548265897.85469,9159,41.555335998535156,16.147849082946777,2.5734285591274446,342640.1397446954,335207.0506024088,32,32,333774.25106733607,323746.8113080695,332129.8462115264,325288.98715647403,0.021693573752990636,0.04471792761241154,0.016063114203758
317,1548265897.92142,4041,30.969249725341797,8.038465023040771,3.852632267052749,430235.06767846853,417964.1714470622,32,17,426549.84230292286,420961.23400187324,420909.5169852576,411700.9924995363,0.028521376227232165,0.0282618989835742,0.004876329959898229
318,1548265897.95480,9470,36.05413055419922,15.261298656463623,2.3624549499874443,348697.6654102684,340396.77674315387,32,23,339972.17281095684,333245.64397341746,339491.76632563904,335033.70545453444,0.023805403621925403,0.03301585287680145,0.009575681035669465
319,1548265897.98817,10661,57.36762237548828,21.014665603637695,2.7298850934633854,432872.27147135435,422306.10078493506,32,22,420664.215844719,403821.2669099809,422872.999010221,415325.5429805256,0.024409442190659103,0.042235914780187137,0.016708218175271683
320,1548265898.05491,7064,28.458633422851562,16.70287036895752,1.7038169365034568,398319.31683481456,375163.37223535404,32,32,386249.24613273493,378553.96173794,384468.73373205133,373179.8418307133,0.05813412410792884,0.038758534227660735,0.010787988849666842
321,1548265898.08828,4848,13.25030517578125,12.475224494934082,1.0621295978410579,465160.84579031594,459418.44809442875,32,32,459031.09549973486,445266.9974855699,456774.9985454243,444836.2802787819,0.012344972170069024,0.016939979398399092,0.011654149138477024
322,1548265898.15501,7579,19.841514587402344,12.672955989837646,1.5656579730343192,392462.65178733965,382488.63695176045,32,32,386557.72291668423,371336.0843336115,387156.5740455503,380551.8012683382,0.025413921019378227,0.0248599558482899,0.015146903022658906
323,1548265898.18838,16306,67.26988983154297,35.569923400878906,1.8912014252434624,395205.5719068317,373487.6597328099,32,32,379480.17025855405,362695.63667554024,381369.4351522577,373855.4886925794,0.05495345642328586,0.03714167761345651,0.021421398496305206
324,1548265898.25512,9670,31.052215576171875,18.171168327331543,1.7088728152644839,409651.48206597794,392592.1041045358,32,32,399862.2501241369,387132.7055439916,401311.7272370487,385018.7655490568,0.04164363784406999,0.028537323882273327,0.013297660033288826
325,1548265898.28843,6885,26.424564361572266,10.320501327514648,2.5603954229552675,401995.49953408074,384857.74535374687,32,32,395367.42681955243,388192.2772425122,392298.23799793574,382993.3358656977,0.04263170657431936,0.024319290705985437,0.010630404740153908
326,1548265898.35517,5592,12.536094665527344,13.363524913787842,0.9380829344354501,434239.9496027747,427628.3654108008,32,32,424682.6484001062,415779.7831318978,425172.943797967,415779.7831318978,0.015225647013873078,0.02038635318422257,0.011289892003669718
327,1548265898.38854,4299,24.23821258544922,8.86762523651123,2.733337498933954,562825.0469101534,550174.636402175,32,32,557700.4362827146,552569.5990674336,554645.5539880542,550523.558365099,0.022476630308881473,0.016974837166407374,0.004910534848622296
328,1548265898.42191,6110,32.33428192138672,10.253957271575928,3.153346660709975,415419.88811163383,400423.8359492466,32,18,406456.6457586165,396325.7439755219,402122.86623070284,393818.4357756173,0.03609854172017257,0.03365743495767761,0.012922926340648497
329,1548265898.48866,5999,24.91123390197754,13.010845184326172,1.9146514733714193,478231.12121505366,447244.4757170644,32,32,467747.01912378473,459539.4446459169,467392.1378502734,456010.3346873473,0.06479428904430296,0.030562090673540272,0.011692699298629785
330,1548265898.52203,1847,8.302726745605469,2.3699002265930176,3.503407718366911,453405.44324773806,448048.1592669339,32,32,451220.07422021916,446785.3486095034,449447.1800112433,446479.57061943633,0.011815658723525635,0.009149165551906509,0.00388719105361465
331,1548265898.58877,998,7.800742149353027,0.6838447153568268,11.407183493817948,446077.9482467517,439113.13338943396,32,23,445632.0639548104,443010.8949868921,443833.09747810656,440931.7582296563,0.01561344801887643,0.00536622534307306,0.002010810038549128
332,1548265898.62214,49052,131.45980834960938,103.21941757202148,1.2735957191182863,455660.6801462603,205039.13359807973,32,32,365415.2618634978,265019.229878237,343357.5387176289,256048.24565476057,0.5500179354245243,0.2638990555920328,0.13615600815127762
333,1548265898.68890,1609,29.045326232910156,4.3028340339660645,6.7502780733883245,552255.0299899457,534905.4947281003,32,7,550109.0326534631,544603.4836508391,542290.4303743984,nan,0.031415803061424885,0.02091165247863339,0.0038634648575519427
334,1548265898.72227,51818,180.0726318359375,116.98519515991211,1.5392770990362366,544457.0900284834,260396.18952632137,32,32,480557.11763869633,352708.3823709423,440906.1757049627,319362.7858302797,0.5217323930657259,0.3209572686462957,0.08914871152069585
335,1548265898.78900,2561,15.017553329467773,6.232489585876465,2.4095593137450675,715668.3284835326,704287.4849802512,32,32,713442.0076595836,702065.1920180894,708977.735213745,700761.8446600223,0.015902399268383105,0.011468622575091991,0.005349204625380918
336,1548265898.82236,54101,282.9590759277344,160.39937591552734,1.7640908782385276,579202.9392455292,276337.57849717874,32,32,422322.97468655073,350172.53266843286,323487.3417683735,289233.7345965063,0.5229002483013354,0.4898891826152437,0.08697610170425601
337,1548265898.88909,3301,28.570079803466797,9.421736717224121,3.032358116231065,681360.7098181058,649255.8304048519,32,22,674662.1706648124,666348.1003186544,677393.3083373471,647785.2790096164,0.047118771233264245,-0.0037021479260665804,0.005923156323970697
338,1548265898.92246,49398,139.75352478027344,92.54801559448242,1.5100650606343777,517222.9586684291,277513.6138096023,32,32,461677.70230325067,328246.4057590245,416182.07223401126,317294.02597675857,0.4634545718464421,0.29918812942482254,0.10035874340008218
339,1548265898.95583,552,7.714417934417725,0.33923114836215973,22.74088913021009,518468.03181181196,515339.58729943755,32,4,518297.12975677074,514402.0841932375,518114.1295330992,nan,0.006034016217821403,0.004665698183848607,0.0023861773114156365
340,1548265899.02257,54938,128.69256591796875,117.45908737182617,1.0956373729567819,487221.47208016313,271178.05241709517,32,32,374044.9921529846,320902.8524753817,360298.3489100633,308956.3478326071,0.4434193319532561,0.21760280597736772,0.08224847675646281
341,1548265899.05594,567,12.616310119628906,0.2555517330765724,49.36890847008504,512523.4113115435,510039.8497688501,32,0,512227.6318020135,510056.4916903402,nan,nan,0.0048457523849261275,0.005397812556221756,0.0015009726212934546
342,1548265899.12268,33440,127.4989013671875,99.36906814575195,1.2830844018802254,537080.9894278578,367791.86945643765,32,32,471523.4839412142,411518.9814089404,469382.79891181143,441191.0470501347,0.31520221959775685,0.1297194607946824,0.06910375882788211
343,1548265899.15605,63873,138.87826538085938,146.37001037597656,0.9488163936323203,504358.12150903157,283394.8922685386,32,32,368357.51738975215,327167.89583870897,374790.0183353437,327167.89583870897,0.4381078043898142,0.23314379247830608,0.08281701613950837
344,1548265899.22279,53277,258.6553649902344,206.7562713623047,1.2510158133824414,577833.3849416184,313212.37912142253,32,32,406604.58958341496,373501.0824853425,404192.48366745096,373501.0824853425,0.45795381976230387,0.2999042194192647,0.03380126825218117
345,1548265899.25616,67271,141.9019012451172,129.7901840209961,1.0933176673989597,487059.71156231675,246095.86721134634,32,32,314950.43616451183,272439.51405064843,314950.43616451183,272439.51405064843,0.4947316286498895,0.34583929575170624,0.06286545951543496
346,1548265899.32290,35310,163.11585998535156,112.47295761108398,1.4502673660399663,555592.1980746955,361309.48373165715,32,32,436462.31297616346,409672.5301077579,432039.24461300037,395268.37871782813,0.3496858217525193,0.27674519306151624,0.04038908074680044
347,1548265899.35629,6650,46.76528549194336,16.99462604522705,2.7517690220125446,561607.3496086758,539913.879792585,32,32,551759.5789447747,523135.0114593602,545681.2496169838,520941.269966385,0.03862746780505388,0.04580388403425069,0.015479005781227765
348,1548265899.38966,3341,31.722400665283203,6.641886472702026,4.776113050962466,552132.185746693,530147.1187530366,32,32,550090.5887481715,543359.6612349198,539550.1013225005,527853.7208423101,0.03981848470565841,0.016570498945237638,0.007225278119624625
349,1548265899.45637,53138,192.3083953857422,161.8504867553711,1.188185462033282,482405.9477808299,280945.3699903385,32,32,385967.32163565425,364370.3713251033,386678.8216293638,363117.92065822956,0.4176162808880217,0.20478939204262298,0.03739979438796596
350,1548265899.48974,1648,18.388057708740234,4.287153482437134,4.28910646284749,551132.0791110148,542679.0121395647,32,8,549772.6391824154,543780.8603070129,542138.2119731507,536883.2479504714,0.01533764281165606,0.015931096688004583,0.00403673562298814
351,1548265899.55647,66392,383.0655822753906,261.6930847167969,1.4637971144325137,546741.7685360273,241187.43989053078,32,32,345835.0457028934,288671.972963108,312253.60335647035,279458.07468087325,0.558864067517026,0.5145014587648031,0.045782235658841805
352,1548265899.58984,34704,211.24441528320312,136.7588348388672,1.5446491302159513,640837.6219992535,443788.8552051239,32,32,538446.7628647363,493388.5556207427,493379.734501997,468780.0142388412,0.3074862648971617,0.23647296718377805,0.03722801196180911
353,1548265899.65658,34919,218.23838806152344,134.7936019897461,1.6190559851507276,693980.3466215536,462050.565051364,32,32,577198.3907881632,500615.30139586213,519900.9306365001,484637.76672038145,0.33420223310252795,0.2701176229430453,0.03945331836464364
354,1548265899.68995,65045,522.6381225585938,396.39622497558594,1.3184740157169335,673639.3467309481,245389.19871157422,32,32,408366.68245616223,325948.02328157093,367437.5120789149,309170.0925837203,0.6357261494560786,0.694644176221658,0.04609430250623493
355,1548265899.75669,65944,468.523681640625,352.3177032470703,1.3298329244388345,625997.8738597832,228090.64317675488,32,32,372324.3436229529,312271.7747607418,357865.3635829154,303479.47602067003,0.635636712677007,0.6477815029637715,0.039357827995885886
356,1548265899.79006,35393,298.4907531738281,206.55287170410156,1.4451058012954314,710838.9837149332,448361.11506097566,32,32,560588.644387525,480987.8296587474,521882.6559145968,464983.92893115024,0.3692508073800559,0.33977392961186365,0.03428572289768032
357,1548265899.85677,5926,66.75982666015625,29.079829216003418,2.2957434228470817,656260.1936706657,604723.6166967332,32,32,639191.3843492009,622135.2560448612,631299.4746501497,619412.1342812955,0.07853070698326614,0.044457319772997154,0.009107751230719873
358,1548265899.89014,6339,112.65369415283203,38.69753456115723,2.911133627254604,732894.999821681,680217.8273619042,32,27,715852.7676786248,689072.6072131761,692129.244674849,682473.8130954147,0.07187546984573989,0.06516317629807615,0.00721322248939937
359,1548265899.92354,4203,63.58192443847656,24.293672561645508,2.6172215945175274,687478.6404074569,653585.6978604767,32,25,679607.7215179264,666267.7536855198,670688.0244914248,659034.4723077443,0.049300357210941836,0.030794686496280158,0.00627906290506173
360,1548265899.99028,63894,574.9003295898438,385.876708984375,1.4898549619721224,641433.4149490083,255838.6871848317,32,32,443025.35532633914,352841.2591067096,358130.76665641274,306048.7435037883,0.6011453703184921,0.5987350092425271,0.05489852739494165
361,1548265900.02366,63174,429.2078857421875,312.7453918457031,1.3723875616813008,580307.9773735618,251975.9031363543,32,32,387182.80241145275,319979.29961791023,360366.19725882454,298723.12143666827,0.5657893515839956,0.5637754042409743,0.05871843118750575
362,1548265900.09038,36048,375.2714538574219,259.5517883300781,1.4458442235049458,643251.3620539895,451768.6262058921,32,32,536417.5799667805,511685.95449225855,523473.10018154274,504229.66856061615,0.2976794875904606,0.22843198618808036,0.03450443858041771
363,1548265900.12375,36473,390.1558837890625,255.47608947753906,1.5271718170845268,684220.7017929697,450447.6374746525,32,32,569676.7445039201,523226.8402054771,547091.5874563828,499346.3165774832,0.34166324360798406,0.2689573020981204,0.03718580890905749
364,1548265900.19047,4256,46.491363525390625,22.159332275390625,2.098048937017037,686820.2094800837,660314.6386189547,32,32,677922.9628679522,665698.2027954318,674235.927011878,663713.8913863178,0.038591716573386003,0.022672534237753256,0.007030426124815912
365,1548265900.22384,1267,7.245091438293457,7.053864479064941,1.0271095312074758,759087.8418945523,757857.0064586215,32,32,756778.3713521139,749623.0389872381,755794.8626485106,753138.5145636217,0.0016214664074436502,0.0038244609695293665,0.0026276187509630647
368,1548265900.39071,840,10.863061904907227,4.7831902503967285,2.2710913294753894,699387.1360838191,696595.5175022056,32,32,697775.5867492617,693994.6321059739,695785.8160539272,693126.3807929887,0.003991521201326398,0.0053749846617447495,0.002309888241967409
369,1548265900.42407,2155,7.094237327575684,10.891212463378906,0.6513725952394795,672202.9527816732,669703.3879841483,32,32,668777.4513977121,657989.6959096175,668686.8573989624,665124.0877868541,0.0037184674467454215,0.005019858497132225,0.006274675268410507
370,1548265900.45743,1320,11.450850486755371,3.6437047719955444,3.1426394846155703,709385.5963467314,706225.0094646413,32,12,707466.3099635039,701721.0874054382,707018.6548255524,702927.6479921931,0.00445538632073561,0.004681278394868486,0.0029935749404730173
371,1548265900.52416,855,9.832212448120117,4.256498098373413,2.3099299520132335,731088.6011686762,728737.4211318247,32,32,729687.361269769,726427.783912266,728159.285583066,724899.0799475772,0.0032159987627942144,0.004486065400674021,0.001621441488318631
372,1548265900.55753,4573,49.658668518066406,30.714599609375,1.6167773355218709,723187.3209040066,702292.7852864967,32,32,712252.4862840523,688433.4309761758,695595.2870484976,689125.4389879196,0.028892286982287074,0.03191759710825337,0.00754804170031296
386,1548265901.25830,575,13.355311393737793,1.791318953037262,7.455574213120037,683395.021188239,677861.6955010331,32,15,682706.5222903708,678354.7176113008,678526.0615506782,675292.6868393031,0.008096818846565434,0.006554395492797712,0.001124303256529754
388,1548265901.35843,696,11.903792381286621,2.1667822003364563,5.493765076821385,728314.2367357697,724918.4356171831,32,32,727759.331623716,723017.2144245391,724270.9398330139,720658.1175859441,0.004662549415216932,0.004740467203351795,0.0019594446583453824
395,1548265901.69213,2363,35.53746795654297,13.949848175048828,2.547516468323038,743153.8602828705,723266.0266104958,32,32,734299.0820579418,723140.2194198383,727639.945599614,721885.7717782914,0.02676139455805926,0.021513911683312292,0.006963291957601275
396,1548265901.72549,2644,48.96434020996094,23.12518310546875,2.117360108529546,754356.3015086246,735698.9472196997,32,32,744118.5274246383,737833.1917424577,738998.6616217366,735436.7300129501,0.02473281425715179,0.023515121552900916,0.003264751795401031
397,1548265901.79223,2087,26.499849319458008,12.995512962341309,2.0391537753261355,722521.2460965071,708689.6379459356,32,32,717256.6085228852,709091.8239042531,715277.1333152265,707371.4926448701,0.019143531384437584,0.013321187887176587,0.004392708448060067
