frame,rgb,depth_stem,person_px,gtmc_px,valid_px,static_support_px,fp_px,fp_inside_union_px,fp_outside_union_px,fn_px,fp_outside_w5_px,fp_outside_w15_px,fp_outside_w30_px
0,rgb/1548266469.88633.png,1548266469.88217,50190,6661,262280,256085,45605,45605,0,5721,25094,22826,22561
1,rgb/1548266469.91959.png,1548266469.91552,49854,6378,263196,257455,44993,44993,0,4500,22726,22726,19305
2,rgb/1548266469.95271.png,1548266469.94889,48882,30563,261906,233195,24623,24623,0,8649,21507,21507,18391
3,rgb/1548266469.98623.png,1548266469.98226,48561,5380,262971,257998,44292,44292,0,4858,21541,21447,18352
4,rgb/1548266470.01975.png,1548266470.01563,48865,5825,263917,258499,43949,43949,0,4623,21539,21338,18109
5,rgb/1548266470.05326.png,1548266470.04900,47996,8433,262633,254567,43355,43355,0,7802,20725,20586,17510
6,rgb/1548266470.08693.png,1548266470.08237,47946,25293,262014,238171,24298,24298,0,4803,21041,20740,16842
7,rgb/1548266470.12044.png,1548266470.11574,47236,571,262138,261573,43070,43070,0,565,20987,20642,17063
8,rgb/1548266470.15396.png,1548266470.14910,47228,0,260811,260811,42658,42658,0,0,23107,20697,17046
9,rgb/1548266470.18747.png,1548266470.18247,46803,316,262457,262163,42302,42302,0,294,22838,20514,16698
10,rgb/1548266470.22084.png,1548266470.21584,47154,0,262388,262388,42983,42983,0,0,23529,20650,17015
11,rgb/1548266470.25436.png,1548266470.24921,47230,92,261226,261135,42884,42884,0,91,23737,20525,16770
12,rgb/1548266470.28784.png,1548266470.28258,47125,0,260208,260208,42414,42414,0,0,42414,20435,16431
13,rgb/1548266470.32136.png,1548266470.31595,47042,0,260118,260118,42442,42442,0,0,41836,20737,16573
14,rgb/1548266470.35488.png,1548266470.34932,47484,0,261691,261691,43621,43621,0,0,40439,20822,16378
15,rgb/1548266470.38839.png,1548266470.38269,47395,0,260590,260590,43390,43390,0,0,40022,20769,15932
16,rgb/1548266470.42191.png,1548266470.41606,46961,1353,261635,260336,43266,43266,0,1286,39628,18036,16188
17,rgb/1548266470.45542.png,1548266470.44942,46241,798,259895,259112,42262,42262,0,783,38628,17255,15817
18,rgb/1548266470.48890.png,1548266470.48279,45849,6032,259082,253378,41427,41427,0,5091,38406,17331,15656
19,rgb/1548266470.52240.png,1548266470.51616,45714,7781,261889,254435,39307,39307,0,4696,38280,16928,15644
20,rgb/1548266470.55592.png,1548266470.54953,45763,6464,262024,255891,41389,41389,0,5677,38180,16687,15563
21,rgb/1548266470.58944.png,1548266470.58290,45424,7888,259210,251724,38198,38198,0,4592,37634,15951,15515
22,rgb/1548266470.62296.png,1548266470.61627,44032,5651,261571,256130,40084,40084,0,5435,36600,16769,15381
23,rgb/1548266470.65649.png,1548266470.64963,44398,4425,261142,257133,40476,40476,0,3864,37224,17186,15562
24,rgb/1548266470.69003.png,1548266470.68300,44776,5394,257502,252480,40124,40124,0,4903,36746,16877,15426
25,rgb/1548266470.72352.png,1548266470.71637,44602,3763,258394,254827,40166,40166,0,3567,36964,16456,15153
26,rgb/1548266470.75703.png,1548266470.74974,43840,4731,258759,254272,39318,39318,0,4487,18264,16175,15035
27,rgb/1548266470.79055.png,1548266470.78311,44413,4492,260316,256094,40742,40742,0,4222,19370,15999,15123
28,rgb/1548266470.82409.png,1548266470.81648,44627,6469,258619,252401,40961,40961,0,6218,18322,15718,14996
29,rgb/1548266470.85761.png,1548266470.84985,44646,4482,260365,256157,40877,40877,0,4208,17868,15806,2015
30,rgb/1548266470.89110.png,1548266470.88322,43185,4478,261258,257022,40629,40629,0,4236,16314,15193,1717
31,rgb/1548266470.92462.png,1548266470.91659,43726,28831,260277,232887,19679,19679,0,6015,15238,14878,1889
32,rgb/1548266470.95813.png,1548266470.94997,44005,41410,259721,220118,19723,19723,0,17971,14905,14528,1781
33,rgb/1548266470.99165.png,1548266470.98334,42502,29046,261980,234426,19061,19061,0,5988,14378,14131,1924
34,rgb/1548266471.02519.png,1548266471.01671,41762,27102,261371,235604,19033,19033,0,5083,14141,13999,2092
35,rgb/1548266471.05868.png,1548266471.05008,42469,26098,261840,236943,18696,18696,0,3393,13074,13024,2130
36,rgb/1548266471.09219.png,1548266471.08345,42607,40441,262368,223675,18977,18977,0,17238,13224,12858,2246
37,rgb/1548266471.12571.png,1548266471.11681,43076,41642,261801,221990,19107,19107,0,17925,13897,12950,2616
38,rgb/1548266471.15923.png,1548266471.15018,43886,42927,260467,219631,19004,19004,0,18287,14051,12476,2791
39,rgb/1548266471.19274.png,1548266471.18355,46553,30851,260979,231728,20802,20802,0,6173,15384,12861,2663
40,rgb/1548266471.22626.png,1548266471.21691,47291,30949,261299,232067,20894,20894,0,5688,16778,13140,2860
41,rgb/1548266471.25977.png,1548266471.25028,45944,2818,260970,258179,43002,43002,0,2709,16177,12479,2910
42,rgb/1548266471.29328.png,1548266471.28365,46579,3026,260688,257732,43530,43530,0,2956,17297,12376,2769
43,rgb/1548266471.32679.png,1548266471.31702,47023,744,262509,261785,44252,44252,0,724,18743,12936,3101
44,rgb/1548266471.36031.png,1548266471.35039,46747,284,260590,260310,43531,43531,0,280,19686,3411,3085
45,rgb/1548266471.39382.png,1548266471.38376,46068,127,261084,260959,43343,43343,0,125,21421,3128,2999
46,rgb/1548266471.42735.png,1548266471.41713,46215,0,263085,263085,43888,43888,0,0,21400,3471,3379
47,rgb/1548266471.46081.png,1548266471.45049,46486,178,261257,261079,43507,43507,0,178,20769,3578,3431
48,rgb/1548266471.49419.png,1548266471.48386,46195,500,262504,262018,43921,43921,0,486,20683,3149,2838
49,rgb/1548266471.52771.png,1548266471.51724,46191,2606,260794,258326,43378,43378,0,2468,19772,3347,2792
50,rgb/1548266471.56122.png,1548266471.55062,46161,12777,261419,248976,43784,43784,0,12417,18974,4056,3183
51,rgb/1548266471.59495.png,1548266471.58399,45858,30064,260869,232098,19816,19816,0,5257,18731,4444,3410
52,rgb/1548266471.62825.png,1548266471.61736,46409,26633,259749,234459,20461,20461,0,1790,18577,4603,3335
53,rgb/1548266471.66171.png,1548266471.65073,47191,26692,260956,235693,20931,20931,0,1693,18929,4946,3324
54,rgb/1548266471.69519.png,1548266471.68410,46192,5530,259545,254222,43583,43583,0,5190,7423,4856,3148
55,rgb/1548266471.72874.png,1548266471.71747,46583,29242,266167,237804,20883,20883,0,4831,3912,2787,1745
56,rgb/1548266471.76232.png,1548266471.75084,49286,4523,263804,259454,46861,46861,0,3921,3441,3134,1573
57,rgb/1548266471.79612.png,1548266471.78421,49052,2155,260645,258543,46021,46021,0,2042,3235,3117,1455
58,rgb/1548266471.82969.png,1548266471.81757,49856,11268,263976,252961,46958,46958,0,10473,1991,1848,861
59,rgb/1548266471.86321.png,1548266471.85094,49728,115840,264784,153281,4235,4235,0,68304,64,64,64
60,rgb/1548266471.89673.png,1548266471.88431,51793,109109,262060,157587,4863,4863,0,59833,97,26,14
61,rgb/1548266471.93018.png,1548266471.91768,53163,2612,261526,259040,50685,50685,0,2486,286,159,158
62,rgb/1548266471.96376.png,1548266471.95106,53418,108423,262883,158732,3805,3805,0,57335,2082,1735,916
63,rgb/1548266471.99727.png,1548266471.98443,53869,133,259852,259721,50608,50608,0,131,3215,2545,1470
64,rgb/1548266472.03076.png,1548266472.01780,53995,151,260863,260726,50396,50396,0,137,4097,3426,1438
65,rgb/1548266472.06428.png,1548266472.05117,54722,1766,263144,261553,51653,51653,0,1330,8212,6585,2212
66,rgb/1548266472.09776.png,1548266472.08453,54878,2600,262074,259559,51542,51542,0,2515,11875,8163,3186
67,rgb/1548266472.13128.png,1548266472.11790,54677,2201,261416,259321,50306,50306,0,1912,11905,8298,2977
68,rgb/1548266472.16483.png,1548266472.15127,54382,3012,264296,261473,52229,52229,0,2646,50959,10747,3446
69,rgb/1548266472.19837.png,1548266472.18464,56419,2535,264353,261837,54106,54106,0,2516,51864,13250,4829
70,rgb/1548266472.23189.png,1548266472.21800,55455,5907,262979,257371,51653,51653,0,5579,49407,12945,4712
71,rgb/1548266472.26560.png,1548266472.25137,55811,3560,263351,259912,51973,51973,0,3225,50649,13771,4776
72,rgb/1548266472.29912.png,1548266472.28473,55984,3359,264821,261604,52489,52489,0,3095,51189,17916,6215
73,rgb/1548266472.33241.png,1548266472.31810,55663,2930,262542,259788,51802,51802,0,2679,50317,18033,6070
74,rgb/1548266472.36615.png,1548266472.35147,55660,4798,263804,259106,51725,51725,0,4622,50589,19125,6642
75,rgb/1548266472.39944.png,1548266472.38484,55209,9702,265733,256121,52417,52417,0,9511,51131,21845,8396
76,rgb/1548266472.43295.png,1548266472.41820,55384,6231,263168,257208,51410,51410,0,5784,50303,22590,8021
77,rgb/1548266472.46636.png,1548266472.45157,55209,1385,262964,261639,51621,51621,0,1325,50318,9560,7978
78,rgb/1548266472.49999.png,1548266472.48495,55038,11076,265074,254234,51777,51777,0,10668,50448,15850,8240
79,rgb/1548266472.53312.png,1548266472.51831,53315,5080,263412,258403,49868,49868,0,4963,46076,13329,7329
80,rgb/1548266472.56656.png,1548266472.55169,52262,2298,263246,261062,48448,48448,0,2184,44390,11247,6695
81,rgb/1548266472.60015.png,1548266472.58506,51777,5926,263758,258133,48114,48114,0,5625,43675,10624,6414
82,rgb/1548266472.63407.png,1548266472.61843,50628,2579,264589,262084,47224,47224,0,2176,42768,9837,6000
83,rgb/1548266472.66759.png,1548266472.65180,49051,9596,264725,255602,45864,45864,0,8895,41078,8569,5041
84,rgb/1548266472.70104.png,1548266472.68517,48238,15836,265075,249850,41332,41332,0,11326,39969,8333,4799
85,rgb/1548266472.73455.png,1548266472.71854,46982,11593,265157,254123,43985,43985,0,10842,39317,7952,4825
86,rgb/1548266472.76797.png,1548266472.75190,46205,17521,265679,248832,43601,43601,0,16779,38747,6885,3836
87,rgb/1548266472.80158.png,1548266472.78525,45659,12642,263464,251353,39279,39279,0,8958,8201,6579,3639
88,rgb/1548266472.83510.png,1548266472.81862,44926,12288,263834,251987,38855,38855,0,8848,7775,6167,3381
89,rgb/1548266472.86852.png,1548266472.85199,43131,9850,265480,256062,40373,40373,0,9344,5686,4725,2578
90,rgb/1548266472.90203.png,1548266472.88536,42798,12001,264484,252960,40140,40140,0,11493,4602,3808,1480
91,rgb/1548266472.93555.png,1548266472.95207,42162,6543,264977,258812,38760,38760,0,6165,3857,3570,1578
92,rgb/1548266472.96907.png,1548266472.98544,41534,59484,265439,208672,5560,5560,0,23307,3661,3232,1752
93,rgb/1548266473.00251.png,1548266473.01881,40772,10218,263675,253886,37152,37152,0,9789,2479,2197,1476
94,rgb/1548266473.03610.png,1548266473.05218,40756,43396,264421,223346,5804,5804,0,9587,2291,2132,1396
95,rgb/1548266473.06961.png,1548266473.08555,39333,44947,266145,223206,5317,5317,0,11664,1884,1762,1122
96,rgb/1548266473.10306.png,1548266473.11892,40143,44612,264408,222407,5943,5943,0,11041,1938,1707,535
97,rgb/1548266473.13650.png,1548266473.15232,39106,39389,263705,226422,6102,6102,0,7636,2099,1905,490
98,rgb/1548266473.17002.png,1548266473.18569,38638,44293,265719,224040,5729,5729,0,11553,2128,703,411
99,rgb/1548266473.20353.png,1548266473.21906,38631,37176,262940,228016,6004,6004,0,5873,2590,835,290
100,rgb/1548266473.23702.png,1548266473.25243,39657,6246,264473,258677,36418,36418,0,5706,3653,1036,269
101,rgb/1548266473.27053.png,1548266473.28580,40404,6182,265253,259452,36950,36950,0,5607,4485,976,287
102,rgb/1548266473.30402.png,1548266473.31917,39735,5928,263632,258013,35975,35975,0,5160,4586,958,237
103,rgb/1548266473.33748.png,1548266473.35253,39659,5093,262360,257530,35813,35813,0,4830,4613,870,205
104,rgb/1548266473.37099.png,1548266473.38590,39617,8503,263256,255111,35937,35937,0,8145,6106,995,151
105,rgb/1548266473.40451.png,1548266473.41924,39673,9148,262633,253841,35117,35117,0,8311,31163,343,138
106,rgb/1548266473.43808.png,1548266473.45259,39763,13100,264465,252009,35284,35284,0,11708,31020,423,165
107,rgb/1548266473.47160.png,1548266473.48601,39651,9794,266072,256909,35609,35609,0,8052,31102,484,185
108,rgb/1548266473.50513.png,1548266473.51934,39860,10879,264491,254345,34362,34362,0,8271,12382,495,193
109,rgb/1548266473.53864.png,1548266473.55271,39812,12081,264930,253581,34190,34190,0,9253,10685,571,110
110,rgb/1548266473.57216.png,1548266473.58608,40477,9630,265176,255935,35529,35529,0,7439,11046,997,288
111,rgb/1548266473.60568.png,1548266473.61943,40469,7243,264353,257477,34742,34742,0,4987,9801,1082,297
112,rgb/1548266473.63921.png,1548266473.65280,41303,3580,265265,261756,35064,35064,0,849,10333,1713,327
113,rgb/1548266473.67272.png,1548266473.68617,42235,28667,265551,238242,16518,16518,0,5748,9519,2105,267
114,rgb/1548266473.70624.png,1548266473.71952,43383,31798,264514,234089,14806,14806,0,6027,10224,2337,312
115,rgb/1548266473.73980.png,1548266473.75291,43967,7086,265632,258695,37115,37115,0,4184,5987,5278,382
116,rgb/1548266473.77372.png,1548266473.78628,43327,8227,264442,256420,36615,36615,0,5420,5923,3574,374
117,rgb/1548266473.80731.png,1548266473.81965,44342,8299,265386,257213,37885,37885,0,5293,6996,3927,714
118,rgb/1548266473.84083.png,1548266473.85302,44769,3207,264502,261672,38182,38182,0,372,6931,3457,650
119,rgb/1548266473.87435.png,1548266473.88639,44927,6124,265633,259647,40775,40775,0,5955,6995,3028,602
120,rgb/1548266473.90786.png,1548266473.91976,43630,30591,266994,237487,32861,32861,0,22092,27211,2623,826
121,rgb/1548266473.94138.png,1548266473.95313,45472,9957,265055,255740,38182,38182,0,6685,26739,2369,876
122,rgb/1548266473.97489.png,1548266473.98650,47000,7234,265955,258978,42247,42247,0,6374,27514,2426,1058
123,rgb/1548266474.00841.png,1548266474.01987,45856,12193,265893,254008,39307,39307,0,8933,29151,2508,1282
124,rgb/1548266474.04184.png,1548266474.05322,46658,26701,266014,240109,39823,39823,0,22633,29708,2264,1375
125,rgb/1548266474.07500.png,1548266474.08658,47673,32845,265474,234161,39706,39706,0,27130,30621,2377,1411
126,rgb/1548266474.10851.png,1548266474.11995,49082,16422,265532,249877,41584,41584,0,11536,9782,2744,1601
127,rgb/1548266474.14203.png,1548266474.15332,49800,32332,265635,234765,41082,41082,0,25928,10699,2931,1810
128,rgb/1548266474.17555.png,1548266474.18669,49060,19039,265260,247194,40160,40160,0,13056,9074,3014,1874
129,rgb/1548266474.20906.png,1548266474.22006,50834,11747,264801,253778,43085,43085,0,7072,8813,3229,2753
130,rgb/1548266474.24258.png,1548266474.25343,51010,17998,263939,246843,43103,43103,0,13533,8533,4774,3136
131,rgb/1548266474.27603.png,1548266474.28679,52065,67949,264008,199394,13436,13436,0,30757,9027,5460,3780
132,rgb/1548266474.30928.png,1548266474.32017,53991,35771,264371,230344,44992,44992,0,29463,9228,6097,4523
133,rgb/1548266474.34306.png,1548266474.35354,54185,70909,263663,196232,14769,14769,0,32330,10128,6997,5594
134,rgb/1548266474.37664.png,1548266474.38691,54995,52548,262176,212491,14953,14953,0,14660,11113,6954,5575
135,rgb/1548266474.41035.png,1548266474.42028,57083,71369,263410,195898,16278,16278,0,31733,12216,7994,6675
136,rgb/1548266474.44386.png,1548266474.45365,58038,54173,262089,210991,16600,16600,0,14687,12268,11205,6554
137,rgb/1548266474.47738.png,1548266474.48702,59966,53559,261758,211040,18144,18144,0,13299,14243,12051,7537
138,rgb/1548266474.51090.png,1548266474.52038,60978,56318,261503,208249,18729,18729,0,15575,14690,12517,7926
139,rgb/1548266474.54441.png,1548266474.55375,60156,56440,262103,208904,18346,18346,0,16000,15369,12827,8067
140,rgb/1548266474.57793.png,1548266474.58711,61441,46037,261138,217194,19176,19176,0,5750,15900,13035,8254
141,rgb/1548266474.61093.png,1548266474.62048,61591,70851,261777,193869,19759,19759,0,29427,15929,13043,8801
142,rgb/1548266474.64439.png,1548266474.65385,63857,42276,260688,220409,21895,21895,0,2573,16173,13048,9280
143,rgb/1548266474.67774.png,1548266474.68722,65139,44701,259874,216914,22238,22238,0,4401,16720,13372,9425
144,rgb/1548266474.71126.png,1548266474.72060,64246,44035,262250,220035,20801,20801,0,2270,16360,13969,9669
145,rgb/1548266474.74478.png,1548266474.75397,63346,43653,260127,218365,20145,20145,0,2338,15690,13447,10183
146,rgb/1548266474.77829.png,1548266474.78734,64351,45093,259794,216545,20963,20963,0,4484,15675,13180,10046
147,rgb/1548266474.81181.png,1548266474.82071,64732,50752,260407,211896,21156,21156,0,9906,16280,14234,10052
148,rgb/1548266474.84532.png,1548266474.85408,64799,46408,261271,216807,20843,20843,0,3678,16408,14372,10597
149,rgb/1548266474.87883.png,1548266474.88745,64192,51341,259722,211087,21405,21405,0,9426,16300,14398,10397
150,rgb/1548266474.91235.png,1548266474.92082,65467,45173,260950,217673,21457,21457,0,3219,16254,14322,10080
151,rgb/1548266474.94586.png,1548266474.95418,67834,46895,261878,216448,22375,22375,0,3114,16690,14764,12005
152,rgb/1548266474.97938.png,1548266474.98755,69361,49753,259767,212576,23114,23114,0,4933,17828,15884,12153
153,rgb/1548266475.01292.png,1548266475.02092,68117,156,259309,259166,63834,63834,0,143,18010,15370,11444
154,rgb/1548266475.04649.png,1548266475.05429,69455,7072,260869,254104,64868,64868,0,6765,20042,16670,11896
155,rgb/1548266475.08012.png,1548266475.08766,66318,6651,260054,254435,62159,62159,0,5224,20427,16616,11801
156,rgb/1548266475.11366.png,1548266475.12103,68479,1022,261000,259979,62857,62857,0,1021,22479,17108,12008
157,rgb/1548266475.14718.png,1548266475.15439,69531,1822,259811,258073,63829,63829,0,1738,23789,14383,11795
158,rgb/1548266475.18069.png,1548266475.18776,66206,2176,261674,259602,62526,62526,0,2072,61428,13663,11237
159,rgb/1548266475.21421.png,1548266475.22112,64505,13506,258923,247361,60321,60321,0,10867,59949,13535,11944
160,rgb/1548266475.24790.png,1548266475.25449,68012,3245,261212,258159,62833,62833,0,3053,61335,13961,12235
161,rgb/1548266475.28142.png,1548266475.28786,66722,1628,260716,259232,62191,62191,0,1446,60543,13767,12193
162,rgb/1548266475.31494.png,1548266475.32123,66525,1784,261794,260094,61677,61677,0,1638,59877,13088,11531
163,rgb/1548266475.34845.png,1548266475.35460,65687,49508,261221,214846,60902,60902,0,46124,58036,12969,10850
164,rgb/1548266475.38234.png,1548266475.38797,64570,1364,261821,260584,59810,59810,0,1168,57339,12925,10804
165,rgb/1548266475.41592.png,1548266475.42134,64576,8283,260652,253212,59951,59951,0,7268,57733,12913,10742
166,rgb/1548266475.44943.png,1548266475.45471,65252,15306,260570,246998,59915,59915,0,12733,57164,13183,10993
167,rgb/1548266475.48295.png,1548266475.48807,63624,16556,261018,246192,58080,58080,0,14648,25090,12957,10549
168,rgb/1548266475.51640.png,1548266475.52144,63515,16590,259807,244832,57241,57241,0,14126,24709,20172,9939
169,rgb/1548266475.54992.png,1548266475.55483,61786,19722,258433,241133,56223,56223,0,16732,23740,19122,9260
170,rgb/1548266475.58356.png,1548266475.58819,61140,1851,258521,256804,57239,57239,0,1717,21947,17783,8847
171,rgb/1548266475.61658.png,1548266475.62156,61019,3224,257393,254336,56589,56589,0,3020,19766,17159,9186
172,rgb/1548266475.65010.png,1548266475.65492,58860,41735,260424,220617,18828,18828,0,2888,17695,16232,9375
173,rgb/1548266475.68361.png,1548266475.68829,61063,35231,259835,226419,27721,27721,0,3886,18999,17536,11279
174,rgb/1548266475.71713.png,1548266475.72166,62560,37508,260203,224520,23589,23589,0,905,19945,19133,12709
175,rgb/1548266475.75051.png,1548266475.75504,60991,31349,258227,228078,28226,28226,0,980,19116,18502,12253
176,rgb/1548266475.78400.png,1548266475.78837,61565,31661,258748,228462,27866,27866,0,1290,19206,18098,12645
177,rgb/1548266475.81751.png,1548266475.82174,60742,34515,262151,229350,23289,23289,0,486,19079,18119,12602
178,rgb/1548266475.85103.png,1548266475.85511,58924,31955,260265,229702,27186,27186,0,3113,21058,19262,14464
179,rgb/1548266475.88454.png,1548266475.88848,56722,38802,259661,223833,50608,50608,0,33670,20575,18676,14476
180,rgb/1548266475.91806.png,1548266475.92185,57578,2097,260236,258419,52248,52248,0,1716,21710,19491,14784
181,rgb/1548266475.95160.png,1548266475.95522,59228,2958,260294,257664,54085,54085,0,2630,24114,21267,16303
182,rgb/1548266475.98554.png,1548266475.98859,57225,2175,260232,258263,53165,53165,0,1904,23642,20531,15630
183,rgb/1548266476.01911.png,1548266476.02196,57076,32096,261370,230967,51383,51383,0,29696,26443,20583,8412
184,rgb/1548266476.05257.png,1548266476.05533,58307,10295,260722,251186,52220,52220,0,8549,49176,21518,8061
185,rgb/1548266476.08564.png,1548266476.08869,58346,4348,261587,257516,53926,53926,0,2630,50851,21204,8966
186,rgb/1548266476.11945.png,1548266476.12206,59065,28794,261806,234741,52284,52284,0,25056,49943,20504,8867
187,rgb/1548266476.15312.png,1548266476.15543,59783,34891,261287,228621,52148,52148,0,30858,49925,20035,8252
188,rgb/1548266476.18669.png,1548266476.18881,59143,35856,260417,226829,51625,51625,0,31013,49924,20401,7792
189,rgb/1548266476.22021.png,1548266476.22217,59264,22869,260619,238713,52977,52977,0,20159,50385,21344,7749
190,rgb/1548266476.25372.png,1548266476.25554,60804,35779,261362,227239,53626,53626,0,32097,50652,24232,8093
191,rgb/1548266476.28724.png,1548266476.28891,61896,31846,261638,231430,56361,56361,0,29890,51613,25663,8164
192,rgb/1548266476.32075.png,1548266476.32228,62908,31725,260759,230426,57328,57328,0,30333,52840,26974,8468
193,rgb/1548266476.35406.png,1548266476.35564,63119,28062,260940,234364,57499,57499,0,26576,53388,32317,8538
194,rgb/1548266476.38739.png,1548266476.38901,62344,25448,261575,237510,56868,56868,0,23934,53360,48603,10305
195,rgb/1548266476.42090.png,1548266476.42238,62839,29987,261951,233266,55838,55838,0,27551,53498,50710,9421
196,rgb/1548266476.45442.png,1548266476.45575,61914,24934,261783,238630,56973,56973,0,23136,54726,50842,9904
197,rgb/1548266476.48792.png,1548266476.48912,61648,27103,262929,237518,55420,55420,0,24564,54263,50083,10336
198,rgb/1548266476.52141.png,1548266476.52250,60556,25893,265315,240808,55796,55796,0,23907,55170,25253,10117
199,rgb/1548266476.55495.png,1548266476.55587,61053,27157,263898,238129,55704,55704,0,25769,55132,24212,9970
200,rgb/1548266476.58846.png,1548266476.58925,59473,26258,263715,238752,53945,53945,0,24963,53419,23554,9486
201,rgb/1548266476.62196.png,1548266476.62262,59433,26982,264926,238999,54684,54684,0,25836,53919,23226,9643
202,rgb/1548266476.65548.png,1548266476.65599,54613,25425,265573,241281,51062,51062,0,24292,50575,19270,6317
203,rgb/1548266476.68899.png,1548266476.68936,53972,17377,264683,247965,49959,49959,0,16718,49671,18280,6474
204,rgb/1548266476.72253.png,1548266476.72273,54549,15168,262517,247759,49457,49457,0,14725,49295,17882,6678
205,rgb/1548266476.75605.png,1548266476.75610,52622,21933,262705,241680,47991,47991,0,21025,47365,16784,6263
206,rgb/1548266476.78956.png,1548266476.78947,53005,22013,264598,243553,48579,48579,0,20880,48514,16345,6146
207,rgb/1548266476.82310.png,1548266476.82284,54209,21688,263443,242708,48849,48849,0,20735,47903,14746,5851
208,rgb/1548266476.85659.png,1548266476.85621,52642,7733,264625,257426,48421,48421,0,7193,17072,13438,6389
209,rgb/1548266476.89011.png,1548266476.88957,52775,19668,264037,245270,47542,47542,0,18753,14677,11561,8632
210,rgb/1548266476.92363.png,1548266476.92291,52291,18287,264512,247050,47456,47456,0,17437,12745,10293,8426
211,rgb/1548266476.95714.png,1548266476.95627,54182,5476,267477,262459,49871,49871,0,4881,11241,9379,7531
212,rgb/1548266476.99066.png,1548266476.98963,49322,3217,267669,264521,45732,45732,0,3023,5873,5040,4067
213,rgb/1548266477.02417.png,1548266477.02300,48910,57699,267847,212868,6191,6191,0,15899,2730,2554,2182
214,rgb/1548266477.05769.png,1548266477.05637,50143,57649,267897,212737,6177,6177,0,14541,1269,1269,1012
215,rgb/1548266477.09124.png,1548266477.08974,51324,55557,266657,213853,7045,7045,0,12162,1025,1025,611
216,rgb/1548266477.12477.png,1548266477.12311,48766,53147,265117,214862,5769,5769,0,11763,964,964,451
217,rgb/1548266477.15827.png,1548266477.15647,49142,51748,267924,218798,6307,6307,0,9962,1112,1112,474
218,rgb/1548266477.19179.png,1548266477.18984,47413,52380,269126,219164,5064,5064,0,10526,1043,1043,191
219,rgb/1548266477.22531.png,1548266477.22322,46075,50486,268247,220280,4983,4983,0,9954,1043,1043,34
220,rgb/1548266477.25882.png,1548266477.25659,44682,49455,267486,220494,4238,4238,0,9487,1103,1103,1
221,rgb/1548266477.29222.png,1548266477.28995,44807,49893,267786,220441,4083,4083,0,9824,957,957,0
222,rgb/1548266477.32574.png,1548266477.32331,43704,47759,267893,222193,4086,4086,0,8978,885,862,0
223,rgb/1548266477.35945.png,1548266477.35668,44175,47552,267145,222014,4279,4279,0,8454,886,886,86
224,rgb/1548266477.39332.png,1548266477.39007,45818,44059,267382,225529,5209,5209,0,4429,736,736,261
225,rgb/1548266477.42684.png,1548266477.42342,45779,48398,267997,221515,4144,4144,0,7882,1104,1064,495
226,rgb/1548266477.46036.png,1548266477.45681,46989,3141,265013,262183,42707,42707,0,2799,1106,966,661
227,rgb/1548266477.49387.png,1548266477.49017,47574,1924,265620,263819,43637,43637,0,1801,1025,820,674
228,rgb/1548266477.52739.png,1548266477.52354,48811,43320,267935,226504,7078,7078,0,2815,2582,1449,1270
229,rgb/1548266477.56074.png,1548266477.55691,48358,1903,266818,265032,45090,45090,0,1766,6000,1831,1732
230,rgb/1548266477.59426.png,1548266477.59028,48339,3032,265305,262348,44374,44374,0,2957,8720,1525,1491
231,rgb/1548266477.62776.png,1548266477.62365,51033,1896,266449,264635,47279,47279,0,1814,13576,2062,2029
232,rgb/1548266477.66127.png,1548266477.65704,49395,5321,267652,262407,46139,46139,0,4775,17021,1945,1918
233,rgb/1548266477.69481.png,1548266477.69041,51088,6086,266109,260131,47569,47569,0,5970,5525,2163,2163
234,rgb/1548266477.72832.png,1548266477.72378,52099,5417,265700,260504,46748,46748,0,3375,16891,2066,2053
235,rgb/1548266477.76184.png,1548266477.75715,53203,3390,266567,263194,45681,45681,0,2039,14087,2169,2123
236,rgb/1548266477.79536.png,1548266477.79053,54821,444,263235,262793,43204,43204,0,442,9126,2021,1826
237,rgb/1548266477.82885.png,1548266477.82390,52669,2778,260824,258051,38751,38751,0,2773,4194,982,798
238,rgb/1548266477.86235.png,1548266477.85727,51553,34858,263259,230329,7596,7596,0,2531,3790,1331,1096
239,rgb/1548266477.89585.png,1548266477.89063,47062,28807,262841,235730,7474,7474,0,1027,1711,702,252
240,rgb/1548266477.92936.png,1548266477.92400,45023,26106,257425,233593,7270,7270,0,981,1048,587,298
241,rgb/1548266477.96284.png,1548266477.95737,43113,28976,258878,232415,6880,6880,0,4469,893,391,285
242,rgb/1548266477.99636.png,1548266477.99074,39150,27992,258587,232977,5458,5458,0,5768,505,243,243
243,rgb/1548266478.02987.png,1548266478.02411,37407,11919,253707,242673,17669,17669,0,5841,500,240,240
244,rgb/1548266478.06343.png,1548266478.05747,35601,24780,254350,232246,5422,5422,0,5945,702,234,233
245,rgb/1548266478.09690.png,1548266478.09085,33108,22624,256668,236399,5742,5742,0,6455,442,216,215
246,rgb/1548266478.13024.png,1548266478.12422,32506,18145,258077,241294,7912,7912,0,6141,193,158,141
247,rgb/1548266478.16354.png,1548266478.15758,35899,8806,258530,250010,17344,17344,0,3913,252,140,140
248,rgb/1548266478.19694.png,1548266478.19094,36247,21863,257624,237808,6688,6688,0,4680,181,129,127
249,rgb/1548266478.23045.png,1548266478.22431,36842,16239,259036,243747,9847,9847,0,2576,890,249,234
250,rgb/1548266478.26397.png,1548266478.25768,38129,23590,261083,238894,9970,9970,0,7895,1559,239,239
251,rgb/1548266478.29760.png,1548266478.29105,41878,25008,259993,236507,11174,11174,0,7476,5555,279,234
252,rgb/1548266478.33112.png,1548266478.32442,42527,30227,262799,234644,9464,9464,0,9292,5966,317,239
253,rgb/1548266478.36464.png,1548266478.35779,48016,33736,265759,233897,12144,12144,0,9602,7255,717,257
254,rgb/1548266478.39815.png,1548266478.39116,50262,36385,257835,223794,10745,10745,0,9298,7706,576,268
255,rgb/1548266478.43152.png,1548266478.42453,52891,29065,257468,230077,15414,15414,0,5362,7928,717,238
256,rgb/1548266478.46518.png,1548266478.45788,56769,36435,262660,228402,13034,13034,0,4837,9697,1382,242
257,rgb/1548266478.49874.png,1548266478.49124,60811,5822,261196,255722,45546,45546,0,5474,12399,2086,676
258,rgb/1548266478.53226.png,1548266478.52459,62670,6315,259481,253504,46591,46591,0,5977,14053,2821,832
259,rgb/1548266478.56578.png,1548266478.55796,64259,7785,261230,253865,48930,48930,0,7365,16322,3369,1085
260,rgb/1548266478.59929.png,1548266478.59133,67191,3611,263460,260080,52890,52890,0,3380,19755,4407,1264
261,rgb/1548266478.63281.png,1548266478.62470,68039,0,261907,261907,53967,53967,0,0,21956,7233,808
262,rgb/1548266478.66643.png,1548266478.65807,68364,0,261478,261478,55089,55089,0,0,54970,7512,1518
263,rgb/1548266478.69998.png,1548266478.69144,70222,0,263599,263599,57669,57669,0,0,57669,6912,1432
264,rgb/1548266478.73346.png,1548266478.72480,70936,0,264207,264207,60362,60362,0,0,13988,6806,1192
265,rgb/1548266478.76687.png,1548266478.75816,69048,0,259903,259903,57744,57744,0,0,11374,5979,1055
266,rgb/1548266478.80039.png,1548266478.79153,68145,0,262614,262614,59064,59064,0,0,10448,5230,1111
267,rgb/1548266478.83376.png,1548266478.82491,67753,238,262944,262707,61268,61268,0,237,8436,4654,846
268,rgb/1548266478.86727.png,1548266478.85829,68949,1452,258927,257500,61673,61673,0,1427,7187,4710,922
269,rgb/1548266478.90079.png,1548266478.89167,70978,57300,258358,203605,10655,10655,0,1744,6520,4277,559
270,rgb/1548266478.93431.png,1548266478.92504,67048,581,261948,261375,62332,62332,0,573,5517,4220,742
271,rgb/1548266478.96782.png,1548266478.95843,68800,1069,261725,260679,63627,63627,0,1046,5332,4370,645
272,rgb/1548266479.00134.png,1548266478.99180,69070,56933,260669,206263,12573,12573,0,3965,4492,4327,750
273,rgb/1548266479.03505.png,1548266479.02517,67953,55539,263017,209671,11353,11353,0,1738,4333,3557,502
274,rgb/1548266479.06857.png,1548266479.05854,66800,5587,264162,258970,62164,62164,0,5192,4801,3444,727
275,rgb/1548266479.10225.png,1548266479.09190,67717,762,262357,261645,61256,61256,0,508,6700,3255,777
276,rgb/1548266479.13572.png,1548266479.12527,65493,5217,261694,256839,59866,59866,0,4855,5709,2497,405
277,rgb/1548266479.16914.png,1548266479.15863,65036,51626,266321,216697,18156,18156,0,6961,5191,1943,359
278,rgb/1548266479.20263.png,1548266479.19200,64008,50648,265490,216884,18382,18382,0,7547,4575,1459,258
279,rgb/1548266479.23617.png,1548266479.22538,63671,55610,264292,210843,18960,18960,0,13552,4988,1190,319
280,rgb/1548266479.26973.png,1548266479.25875,62339,0,266473,266473,58885,58885,0,0,4198,557,209
281,rgb/1548266479.30324.png,1548266479.29211,60519,53388,267095,215933,16553,16553,0,10154,2522,154,154
282,rgb/1548266479.33676.png,1548266479.32547,61165,57073,266636,212033,14349,14349,0,10958,2234,275,275
283,rgb/1548266479.37028.png,1548266479.35884,58341,46483,267549,223143,16114,16114,0,5295,1831,136,136
284,rgb/1548266479.40379.png,1548266479.39221,57327,49495,267742,220274,14800,14800,0,7562,1871,0,0
285,rgb/1548266479.43731.png,1548266479.42558,57462,45378,266635,222982,24437,24437,0,13651,1561,12,12
286,rgb/1548266479.47078.png,1548266479.45895,56691,55879,267076,213600,14525,14525,0,14150,1343,8,4
287,rgb/1548266479.50430.png,1548266479.49232,53575,60666,266783,208388,10466,10466,0,17136,1434,0,0
288,rgb/1548266479.53786.png,1548266479.52569,53824,48651,266767,220140,9780,9780,0,4996,1140,0,0
289,rgb/1548266479.57137.png,1548266479.55906,51828,51107,266651,217845,9944,9944,0,9378,1119,0,0
290,rgb/1548266479.60485.png,1548266479.59242,62308,65572,267324,204277,12055,12055,0,19400,3092,0,0
291,rgb/1548266479.63835.png,1548266479.62579,52667,68096,266294,200936,9326,9326,0,24523,642,0,0
292,rgb/1548266479.67182.png,1548266479.65916,50520,65418,264834,202302,7272,7272,0,21733,26,0,0
293,rgb/1548266479.70527.png,1548266479.69253,48920,66985,266179,202107,7136,7136,0,23759,0,0,0
294,rgb/1548266479.73875.png,1548266479.72589,47231,70755,265505,197649,5745,5745,0,27667,0,0,0
295,rgb/1548266479.77227.png,1548266479.75925,49205,72046,265794,196983,6822,6822,0,27565,0,0,0
296,rgb/1548266479.80578.png,1548266479.79262,49524,72818,265357,195342,5405,5405,0,27080,0,0,0
297,rgb/1548266479.83930.png,1548266479.82598,50102,73082,265081,194934,6731,6731,0,27938,0,0,0
298,rgb/1548266479.87281.png,1548266479.85935,48825,126250,265796,144998,7576,7576,0,80500,0,0,0
299,rgb/1548266479.90660.png,1548266479.89272,51574,126820,266324,144487,2373,2373,0,74058,0,0,0
300,rgb/1548266479.94019.png,1548266479.92609,53301,150679,266483,122204,2515,2515,0,94918,0,0,0
301,rgb/1548266479.97371.png,1548266479.95946,53400,123537,265650,147210,2450,2450,0,69585,0,0,0
302,rgb/1548266480.00722.png,1548266479.99283,52041,158679,266603,114787,1982,1982,0,103411,0,0,0
303,rgb/1548266480.04069.png,1548266480.02620,54584,154349,268352,120645,2017,2017,0,97581,0,0,0
304,rgb/1548266480.07420.png,1548266480.05957,54436,129099,267789,144096,1370,1370,0,74012,438,317,222
305,rgb/1548266480.10782.png,1548266480.09294,54732,9816,268978,259726,48558,48504,54,9246,628,443,443
306,rgb/1548266480.14137.png,1548266480.12632,51924,36837,269280,234732,44131,43895,236,34546,1237,749,746
307,rgb/1548266480.17489.png,1548266480.15968,47406,39118,268835,232000,39135,38808,327,36681,1453,839,835
308,rgb/1548266480.20840.png,1548266480.19305,43387,9752,267771,258661,34818,34497,321,8740,1523,834,829
309,rgb/1548266480.24192.png,1548266480.22643,36822,13250,269450,256807,29093,28814,279,12603,2228,724,719
310,rgb/1548266480.27544.png,1548266480.25980,32475,3459,267946,264868,24550,24295,255,2081,21700,537,510
311,rgb/1548266480.30895.png,1548266480.29317,29370,3110,265949,263113,22261,22048,213,2227,19585,482,455
312,rgb/1548266480.34244.png,1548266480.32654,25089,779,268399,267685,19750,19561,189,714,17664,456,429
313,rgb/1548266480.37594.png,1548266480.35989,21908,1405,267255,265921,16505,16347,158,1334,15153,428,400
314,rgb/1548266480.40946.png,1548266480.39326,17419,2562,267850,265585,12438,12249,189,1670,11383,460,432
315,rgb/1548266480.44297.png,1548266480.42665,13935,4828,268751,263945,10161,9980,181,4806,8611,461,417
316,rgb/1548266480.47653.png,1548266480.46002,11671,5295,267171,262108,8070,7984,86,5063,7683,254,234
317,rgb/1548266480.51011.png,1548266480.52675,10774,32624,267571,236915,8384,8345,39,30656,8034,141,112
318,rgb/1548266480.54363.png,1548266480.56012,7845,21415,265856,246125,5748,5732,16,19731,5466,20,16
319,rgb/1548266480.57704.png,1548266480.59347,7412,45669,265679,223039,5200,5195,5,42370,5200,1312,5
320,rgb/1548266480.61039.png,1548266480.62684,0,34019,266623,234865,0,0,0,31758,0,0,0
321,rgb/1548266480.64390.png,1548266480.66021,5526,32545,265838,235444,3519,3519,0,30394,3294,3294,0
322,rgb/1548266480.67744.png,1548266480.69358,0,5488,265373,260075,0,0,0,5298,0,0,0
323,rgb/1548266480.71096.png,1548266480.72695,0,11000,265968,255185,0,0,0,10783,0,0,0
324,rgb/1548266480.74447.png,1548266480.76032,0,23239,266306,244555,0,0,0,21751,0,0,0
325,rgb/1548266480.77797.png,1548266480.79369,0,8587,265576,257249,0,0,0,8327,0,0,0
326,rgb/1548266480.81150.png,1548266480.82706,0,23590,267207,245200,0,0,0,22007,0,0,0
327,rgb/1548266480.84503.png,1548266480.86041,0,26083,266215,241763,0,0,0,24452,0,0,0
328,rgb/1548266480.87854.png,1548266480.89377,0,6282,266660,260510,0,0,0,6150,0,0,0
329,rgb/1548266480.91205.png,1548266480.92714,0,22882,267246,246083,0,0,0,21163,0,0,0
330,rgb/1548266480.94550.png,1548266480.96051,0,8352,267322,259271,0,0,0,8051,0,0,0
331,rgb/1548266480.97899.png,1548266480.99388,0,6472,268483,262212,0,0,0,6271,0,0,0
332,rgb/1548266481.01249.png,1548266481.02725,0,6052,268375,262615,0,0,0,5760,0,0,0
333,rgb/1548266481.04601.png,1548266481.06061,0,3332,268898,265723,0,0,0,3175,0,0,0
334,rgb/1548266481.07952.png,1548266481.09398,0,6612,269127,262722,0,0,0,6405,0,0,0
335,rgb/1548266481.11305.png,1548266481.12735,0,4645,269299,264856,0,0,0,4443,0,0,0
336,rgb/1548266481.14655.png,1548266481.16073,0,23274,269217,247314,0,0,0,21903,0,0,0
337,rgb/1548266481.18006.png,1548266481.19409,0,5906,269181,263621,0,0,0,5560,0,0,0
338,rgb/1548266481.21357.png,1548266481.22746,0,6508,268696,262683,0,0,0,6013,0,0,0
339,rgb/1548266481.24709.png,1548266481.26083,0,27480,269750,243605,0,0,0,26145,0,0,0
340,rgb/1548266481.28061.png,1548266481.29420,0,26743,269082,243939,0,0,0,25143,0,0,0
341,rgb/1548266481.31412.png,1548266481.32757,0,26379,269518,244521,0,0,0,24997,0,0,0
342,rgb/1548266481.34763.png,1548266481.36094,0,4948,269608,264772,0,0,0,4836,0,0,0
343,rgb/1548266481.38115.png,1548266481.39431,0,25178,268890,245392,0,0,0,23498,0,0,0
344,rgb/1548266481.41467.png,1548266481.42768,0,27091,269168,243569,0,0,0,25599,0,0,0
345,rgb/1548266481.44819.png,1548266481.46101,0,25832,268421,244177,0,0,0,24244,0,0,0
346,rgb/1548266481.48170.png,1548266481.49438,0,29120,269128,241712,0,0,0,27416,0,0,0
347,rgb/1548266481.51521.png,1548266481.52775,0,27874,268926,242399,0,0,0,26527,0,0,0
348,rgb/1548266481.54872.png,1548266481.56112,0,24530,268012,244752,0,0,0,23260,0,0,0
349,rgb/1548266481.58223.png,1548266481.59449,0,16962,266447,250378,0,0,0,16069,0,0,0
350,rgb/1548266481.61574.png,1548266481.62786,0,3020,267134,264213,0,0,0,2921,0,0,0
351,rgb/1548266481.64926.png,1548266481.66123,0,20005,267288,248374,0,0,0,18914,0,0,0
352,rgb/1548266481.68279.png,1548266481.69460,0,2794,268094,265408,0,0,0,2686,0,0,0
353,rgb/1548266481.71632.png,1548266481.72797,0,21518,267502,247142,0,0,0,20360,0,0,0
354,rgb/1548266481.74982.png,1548266481.76134,0,976,266884,265909,0,0,0,975,0,0,0
355,rgb/1548266481.78334.png,1548266481.79471,0,1535,266589,265128,0,0,0,1461,0,0,0
356,rgb/1548266481.81686.png,1548266481.82808,0,548,267291,266758,0,0,0,533,0,0,0
357,rgb/1548266481.85043.png,1548266481.86145,0,3089,267133,264095,0,0,0,3038,0,0,0
358,rgb/1548266481.88396.png,1548266481.89482,0,4673,266713,262076,0,0,0,4637,0,0,0
359,rgb/1548266481.91757.png,1548266481.92819,0,2800,266424,263638,0,0,0,2786,0,0,0
360,rgb/1548266481.95078.png,1548266481.96156,0,2253,266514,264304,0,0,0,2210,0,0,0
361,rgb/1548266481.98429.png,1548266481.99492,0,637,266856,266232,0,0,0,624,0,0,0
362,rgb/1548266482.01797.png,1548266482.02829,0,746,266572,265827,0,0,0,745,0,0,0
363,rgb/1548266482.05163.png,1548266482.06167,0,2426,266402,264222,0,0,0,2180,0,0,0
364,rgb/1548266482.08515.png,1548266482.09503,0,421,266304,265917,0,0,0,387,0,0,0
365,rgb/1548266482.11867.png,1548266482.12843,0,217,265732,265515,0,0,0,217,0,0,0
366,rgb/1548266482.15215.png,1548266482.16178,0,798,265609,264819,0,0,0,790,0,0,0
367,rgb/1548266482.18566.png,1548266482.19515,0,4637,265794,261803,0,0,0,3991,0,0,0
368,rgb/1548266482.21918.png,1548266482.22851,0,459,266782,266323,0,0,0,459,0,0,0
369,rgb/1548266482.25269.png,1548266482.26188,0,558,266365,265809,0,0,0,556,0,0,0
370,rgb/1548266482.28621.png,1548266482.29525,0,0,266180,266180,0,0,0,0,0,0,0
371,rgb/1548266482.31973.png,1548266482.32865,0,19222,266228,247768,0,0,0,18460,0,0,0
372,rgb/1548266482.35324.png,1548266482.36202,0,20060,265378,245999,0,0,0,19379,0,0,0
373,rgb/1548266482.38675.png,1548266482.39539,0,29056,266859,239433,0,0,0,27426,0,0,0
374,rgb/1548266482.42026.png,1548266482.42876,0,29739,267712,239374,0,0,0,28338,0,0,0
375,rgb/1548266482.45379.png,1548266482.46213,0,28898,267881,240268,0,0,0,27613,0,0,0
376,rgb/1548266482.48731.png,1548266482.49550,0,25148,267444,243058,0,0,0,24386,0,0,0
377,rgb/1548266482.52084.png,1548266482.52885,0,2164,267028,264884,0,0,0,2144,0,0,0
378,rgb/1548266482.55436.png,1548266482.56222,0,5603,267071,261485,0,0,0,5586,0,0,0
379,rgb/1548266482.58792.png,1548266482.59558,0,23352,266598,243903,0,0,0,22695,0,0,0
380,rgb/1548266482.62144.png,1548266482.62894,0,1209,266837,265671,0,0,0,1166,0,0,0
381,rgb/1548266482.65495.png,1548266482.66229,0,102,266727,266630,0,0,0,97,0,0,0
382,rgb/1548266482.68847.png,1548266482.69566,0,0,267097,267097,0,0,0,0,0,0,0
383,rgb/1548266482.72198.png,1548266482.72903,0,122,267931,267809,0,0,0,122,0,0,0
384,rgb/1548266482.75552.png,1548266482.76240,0,5206,266999,262614,0,0,0,4385,0,0,0
385,rgb/1548266482.78919.png,1548266482.79577,0,1072,268498,267481,0,0,0,1017,0,0,0
386,rgb/1548266482.82270.png,1548266482.82914,0,1214,268124,266923,0,0,0,1201,0,0,0
387,rgb/1548266482.85622.png,1548266482.86252,0,1648,267223,265608,0,0,0,1615,0,0,0
388,rgb/1548266482.88974.png,1548266482.89589,0,2796,267618,265046,0,0,0,2572,0,0,0
389,rgb/1548266482.92314.png,1548266482.92927,0,1048,267212,266173,0,0,0,1039,0,0,0
390,rgb/1548266482.95661.png,1548266482.96264,0,4040,267223,263225,0,0,0,3998,0,0,0
391,rgb/1548266482.99006.png,1548266482.99600,0,1849,267925,266115,0,0,0,1810,0,0,0
392,rgb/1548266483.02357.png,1548266483.02937,0,9489,269097,259693,0,0,0,9404,0,0,0
393,rgb/1548266483.05709.png,1548266483.06273,0,2504,268982,266601,0,0,0,2381,0,0,0
394,rgb/1548266483.09061.png,1548266483.09611,0,7021,269691,262686,0,0,0,7005,0,0,0
395,rgb/1548266483.12412.png,1548266483.12948,0,3878,269447,265710,0,0,0,3737,0,0,0
396,rgb/1548266483.15764.png,1548266483.16285,0,3303,269000,265790,0,0,0,3210,0,0,0
397,rgb/1548266483.19115.png,1548266483.19621,0,526,269023,268553,0,0,0,470,0,0,0
398,rgb/1548266483.22467.png,1548266483.22957,2555,2354,268862,266544,686,686,0,2318,118,117,117
399,rgb/1548266483.25819.png,1548266483.26293,4469,0,269256,269256,933,933,0,0,311,310,310
400,rgb/1548266483.29170.png,1548266483.29630,5142,101,268449,268348,1147,1147,0,101,523,522,522
401,rgb/1548266483.32515.png,1548266483.32967,4336,109,268783,268674,1279,1279,0,109,659,659,659
402,rgb/1548266483.35867.png,1548266483.36303,3361,376,269619,269257,1212,1212,0,362,593,593,593
403,rgb/1548266483.39218.png,1548266483.39640,3154,3685,268748,265395,507,507,0,2753,503,503,503
404,rgb/1548266483.42570.png,1548266483.42977,0,4947,268702,263991,0,0,0,4711,0,0,0
405,rgb/1548266483.45922.png,1548266483.46315,0,122,268387,268292,0,0,0,95,0,0,0
406,rgb/1548266483.49268.png,1548266483.49652,0,0,268220,268220,0,0,0,0,0,0,0
407,rgb/1548266483.52603.png,1548266483.52989,0,1654,268218,266747,0,0,0,1471,0,0,0
408,rgb/1548266483.55954.png,1548266483.56326,0,2200,267117,264921,0,0,0,2196,0,0,0
409,rgb/1548266483.59306.png,1548266483.59662,0,0,267030,267030,0,0,0,0,0,0,0
410,rgb/1548266483.62665.png,1548266483.62999,0,0,265938,265938,0,0,0,0,0,0,0
411,rgb/1548266483.66019.png,1548266483.66335,0,0,266757,266757,0,0,0,0,0,0,0
412,rgb/1548266483.69369.png,1548266483.69671,0,0,266976,266976,0,0,0,0,0,0,0
413,rgb/1548266483.72716.png,1548266483.73006,0,5021,267211,262422,0,0,0,4789,0,0,0
414,rgb/1548266483.76067.png,1548266483.76343,0,88,267562,267483,0,0,0,79,0,0,0
415,rgb/1548266483.79419.png,1548266483.79680,0,3620,267996,264436,0,0,0,3560,0,0,0
416,rgb/1548266483.82773.png,1548266483.83017,0,621,267811,267248,0,0,0,563,0,0,0
417,rgb/1548266483.86127.png,1548266483.86354,0,0,268531,268531,0,0,0,0,0,0,0
418,rgb/1548266483.89480.png,1548266483.89691,0,0,267634,267634,0,0,0,0,0,0,0
419,rgb/1548266483.92832.png,1548266483.93028,0,438,267732,267298,0,0,0,434,0,0,0
420,rgb/1548266483.96183.png,1548266483.96365,0,0,267675,267675,0,0,0,0,0,0,0
421,rgb/1548266483.99535.png,1548266483.99704,0,0,267164,267164,0,0,0,0,0,0,0
422,rgb/1548266484.02892.png,1548266484.03039,0,334,268423,268092,0,0,0,331,0,0,0
423,rgb/1548266484.06247.png,1548266484.06378,0,0,266928,266928,0,0,0,0,0,0,0
424,rgb/1548266484.09643.png,1548266484.09717,0,0,267629,267629,0,0,0,0,0,0,0
425,rgb/1548266484.13003.png,1548266484.13054,0,0,267205,267205,0,0,0,0,0,0,0
426,rgb/1548266484.16354.png,1548266484.16391,0,0,264530,264530,0,0,0,0,0,0,0
427,rgb/1548266484.19706.png,1548266484.19728,0,0,267058,267058,0,0,0,0,0,0,0
428,rgb/1548266484.23058.png,1548266484.23065,0,276,267117,266848,0,0,0,269,0,0,0
429,rgb/1548266484.26409.png,1548266484.26402,0,126,267311,267221,0,0,0,90,0,0,0
430,rgb/1548266484.29761.png,1548266484.29738,0,0,265641,265641,0,0,0,0,0,0,0
431,rgb/1548266484.33104.png,1548266484.33075,0,0,266909,266909,0,0,0,0,0,0,0
432,rgb/1548266484.36456.png,1548266484.36410,0,0,266822,266822,0,0,0,0,0,0,0
433,rgb/1548266484.39808.png,1548266484.39747,0,0,267002,267002,0,0,0,0,0,0,0
434,rgb/1548266484.43159.png,1548266484.43081,0,3231,267548,264393,0,0,0,3155,0,0,0
435,rgb/1548266484.46511.png,1548266484.46417,0,2981,267537,264575,0,0,0,2962,0,0,0
436,rgb/1548266484.49830.png,1548266484.49754,0,700,267736,267042,0,0,0,694,0,0,0
437,rgb/1548266484.53177.png,1548266484.53092,0,0,268284,268284,0,0,0,0,0,0,0
